our_code	producer_code	name	producer	quantity	price	ean
0AU7561489	7561489	AUTOMAT STOPU FABRYCZNY PN 126P	POLONEZ/FSO	0	87,00	0007561489
0AU80180000	80180000	AUTOMAT ROZRUSZ.PN MR93 WE80A FAB	POLONEZ/FSO	0	72,73	
0AU80180000/WISMOT	80180000/WISMOT	AUTOMAT ROZRUSZ.PN MR93 WE80A WISMOT	POLONEZ/FSO	0	80,79	
0AU91103000	91103000	AUTOMAT ROZRUSZ.PN/FSO WE8A FABRYKA	POLONEZ/FSO	0	46,55	
0AU91103000/WISMOT	91103000/WISMOT	AUTOMAT ROZRUSZ.PN/FSO WE8A WISMOT	POLONEZ/FSO	1	83,16	
0AUE001	E001	AUTOMAT ROZRUSZ.PN/FSO WE8A STATIM	STATIM	0	37,69	5907659302477
0AUE006	E006	AUTOMAT ROZRUSZ.PN MR93 WE80A STATIM	STATIM	0	37,71	5907659302521
0AUWE205	WE205	AUTOMAT ROZRUSZ.PN MR93 WE80A KOMAX	POLONEZ/FSO	0	70,84	
0BE01892322	01892322	BEBENEK ZAMKA DRZWI 1 SZT.PN	POLONEZ/FSO	3	13,39	
0BE018923K	018923K	BEBENKI ZAMKA DRZWI 3 SZT.PN	POLONEZ/FSO	2	32,73	
0BE061751/1	061751/1	BEBEN HAMULCOWY PN LUKAS ENPEZET 1025	POLONEZ/FSO	0	59,66	
0BE067206	067206	BEBENEK ZAMKA DRZWI PN PLUS "P"	POLONEZ/FSO	0	33,76	
0BE087001/1	087001/1	BENDIX ROZRUSZ.PN FSO RZEMIOSLO	POLONEZ/FSO	5	47,58	
0BE18923	18923	BEBENKI ZAMKA DRZWI 2 SZT.PN	POLONEZ/FSO	7	25,03	
0BE4169537	4169537	BEBENEK ZAMKA WLEWU PALIWA PN RZEMIOSLO	POLONEZ/FSO	5	11,78	
0BEB001	B001	BENDIX ROZRUSZ.PN FSO STATIM	STATIM	0	17,03	5907659302323
0BL0035242/1	0035242/1	BLOTNIK TYLNY PN PR. KROTKI RZEMIOSLO	POLONEZ/FSO	0	51,23	5907625351058
0BL0035243/1	0035243/1	BLOTNIK TYLNY PN LE. KROTKI RZEMIOSLO	POLONEZ/FSO	0	51,23	
0CE90812100	90812100	CEWKA ROZRUSZNIKA POMOCNICZA CIENKA PN	POLONEZ/FSO	0	14,50	
0CH081124/1	081124/1	CHLODNICA PN CARO 2 WENT.IMPORT 590108-2	POLONEZ/FSO	0	140,87	5901532280760
0CY025376/1	025376/1	CYLINDER SPRZEGLA RZEMIOSLO FSO	POLONEZ/FSO	0	38,53	
0CYLW30989	LW30989	CYLINDEREK HAM.TYL L PN LUCAS DELPHI	POLONEZ/FSO	0	31,23	5012759826744
0CYLW30990	LW30990	CYLINDEREK HAM.TYL P PN LUCAS DELPHI	POLONEZ/FSO	0	31,23	5012759826751
0CZ013913/2	013913/2	CZUJNIK TEMP.WODY DO BLOKU IMP.	POLONEZ/FSO	0	8,05	
0CZ026991	026991	CZUJNIK CIS.OL.PN DO WSK.NA DESCE FCCO-5	POLONEZ/FSO	0	93,03	
0CZ033473	033473	CZUJNIK WENTYLATORA CHLODNICY PN	POLONEZ/FSO	0	6,70	3531650010745
0CZ051558	051558	CZUJNIK CISNIENIA BEZWZGLEDNEGO PN ABIM.	POLONEZ/FSO	8	21,20	5908274106846
0CZ065145	065145	CZUJNIK TEMP PL.CHL.PN WIEL/WTR.-DO KOMP	POLONEZ/FSO	0	27,55	
0CZ4151243/1	4151243/1	CZUJNIK CISNIENIA OLEJU 126 PN OS3522	POLONEZ/FSO	0	3,21	3531650013326
0DIFD-10KTA45	FD-10KTA45	DIODA CZERWONA FSO	POLONEZ/FSO	0	3,84	
0DIFD-20KTA45	FD-20KTA45	DIODA CZARNA FSO	POLONEZ/FSO	0	3,84	
MOT16DS03	16DS03	DRAZEK SRODKOWY PN DIESEL,ROVER 16DS03	MOTOTECHNIKA	>30	119,14	5906031420129
MOT16DB02	16DB02	DRAZEK ZEW. PN MR 93 RZEM.KPL.16DB02	MOTOTECHNIKA	0	43,10	5906031420044
0DR4165360	4165360	DRAZEK REAKCYJNY TYL PN FABRYCZNY	POLONEZ/FSO	0	22,64	
MOT08LS03	08LS03	DRAZEK REAKCYJNY TYL PN  08-LS-03	MOTOTECHNIKA	>30	39,78	5906031420082
MOT16DB03	16DB03	DRAZEK ZEWNETRZNY PN RZEMIOSLO KOMPLETNY	MOTOTECHNIKA	0	63,82	5906031420068
MOT16DS01	16DS01	DRAZEK SRODKOWY POLON.RZEM. 16DS01	MOTOTECHNIKA	>30	94,48	5906031420105
MOT16DS02	16DS02	DRAZEK SR. PN CARO MR 94 16DS02  MOTOT	MOTOTECHNIKA	>30	98,42	5906031420112
0DW10X1SF+10X1DF	10X1SF+10X1DF	DWOJNIK PRZEW.H-CA MATIZ/SAM.ZACH.	POLONEZ/FSO	9	6,39	5908243299579
0DW12X1+10X1	12X1+10X1	DWOJNIK PRZEW.H-CA 12X1+10X1	POLONEZ/FSO	6	6,69	5908243299593
0DW12X1+12X1	12X1+12X1	DWOJNIK PRZEW.H-CA 12X1+12X1	POLONEZ/FSO	9	6,69	5908243299586
0DW4077589	4077589	DWOJNIK PRZEW.H-CA FSO/PN  M10X1,25	POLONEZ/FSO	10	5,03	5908243299548
0DW4077589/1	4077589/1	DWOJNIK PRZEW.H-CA SAM.ZACH. M10X1-M10X1	POLONEZ/FSO	>30	4,83	5908243299531
0DW4077589/2	4077589/2	DWOJNIK PRZEW.H-CA FSO/ZACH.	POLONEZ/FSO	11	5,49	5908243299555
0DZ039631	039631	DZWIGNIA H-CA RECZNEGO PN FABRYCZNA	POLONEZ/FSO	0	34,36	
0DZ4342478/79	4342478/79	DZWIGNIA BLOKOWANIA BEBENKA PN L/P	POLONEZ/FSO	0	3,61	
0EL43528023	43528023	ELEKTROZAWOR GAZNIKA ODNOWIONY PN 126P.	POLONEZ/FSO	0	28,45	
0FIFP04	FP04	FILTR PALIWA PN 6-8 MICRON UNIWERSALNY	POLONEZ/FSO	0	2,88	
0FIPP.522	PP.522	FILTR OLEJU PN SEDZISZOW	POLONEZ/FSO	0	8,85	5902442120146
MOPG033L50	G033L50	GUMA WYCIERACZKI FSO 126P /330/	MOTGUM WYCIERACZKI	>30	1,93	
0GU562000033	562000033	-> GO41L50 GUMA WYCIERACZKI PN 410MM	MOTGUM WYCOFANE	0	1,68	
MOPGO51L50	GO51L50	GUMA WYCIERACZKI PN CARO 510MM	MOTGUM WYCIERACZKI	>30	3,88	
0HA001-HP.12801	001-HP.12801	HALOGEN PN CARO BIALY P-MGIELNY 195X96	POLONEZ/FSO	2	56,26	5905445128010
0HA2HMZ198.73	2HMZ198.73	HALOGENY P-MGIELNE ZEST.138X78MM H3 70W	POLONEZ/FSO	0	101,88	5905445198730
0HA2HMZ200.73	2HMZ200.73	HALOGENY DALOKOS.ZESTAW 138X78X68 H3 70W	POLONEZ/FSO	0	102,43	5905445200730
0HA2HO149.60	2HO149.60	HALOGEN OKRAGLY P-MGIEL 182MM WESEM	POLONEZ/FSO	0	53,41	5905445149602
0HA2HO150.60C	2HO150.60C	HALOGEN WESEM OKRAGLY BIALY P/MGIELD.CHR	POLONEZ/FSO	0	81,48	5905445150608
0HA2HO151.60	2HO151.60	HALOGEN OKRAGLY DROGOWY 183MM Z POZYCYJA	POLONEZ/FSO	0	98,68	5905445151605
0HA2HP100.45	2HP100.45	HALOGEN WESEM PROST.P-MGIE KRAT. 180X86	POLONEZ/FSO	2	52,23	5905445100450
0HA2HP102.45	2HP102.45	HALOGEN PROST.DROGOWY 180X86 Z KRATKA	POLONEZ/FSO	0	41,18	5905445102454
0HA3HO176.67	3HO176.67	HALOGEN OKRAGLY DROGOWY 152MM WESEM	POLONEZ/FSO	0	49,83	5905445176677
0HA9089060	9089060	HAMULEC ROZRUSZNIKA PN	POLONEZ/FSO	0	2,61	5906764376366
0HAHPZ134.16	HPZ134.16	HALOGENY PN CARO BLISTER/2SZT/.WESEM	POLONEZ/FSO	0	95,73	5905445134165
0KI0055343/DOBM	0055343/DOBM	KIERUNKOWSKAZ PN CARO B.ZAR"L" DOBMAR	POLONEZ/FSO	0	17,40	5905907950821
0KI0055345/DOBM	0055345/DOBM	KIERUNKOWSKAZ PN CARO B.ZAR"P" DOBMAR	POLONEZ/FSO	0	17,40	5905907950838
0KL050035/1	050035/1	KLAMKA ZEW.DRZWI PRZ."P" PN CARO RZEM.	POLONEZ/FSO	0	34,80	
0KL081617/8	081617/8	KLOSZ LAMPY TYL TRUCK MD-22 GLADKI RZEM!	POLONEZ/FSO	0	11,75	5907556003538
TOM10-23	10-23	KLOCKI HAM. PN PRZOD	TOMEX KLOCKI,SZCZEKI	>30	16,30	5906485550250
TOM10-24	10-24	KLOCKI HAM. PN TYL	TOMEX KLOCKI,SZCZEKI	>30	15,13	5906485550267
TOM10-61	10-61	KLOCKI HAM.PN LUCAS  Z CZUJNIKIEM	TOMEX KLOCKI,SZCZEKI	20	32,11	5906485550878
0KL51448281A	51448281A	KLOCKI H-CA PN LUCAS Z CZUJN.	POLONEZ/FSO	0	41,01	5907553951047
0KL51451585B	51451585B	KLOCKI H-CA PN TYL	POLONEZ/FSO	0	19,41	5907553951030
0KL51452084B	51452084B	KLOCKI H-CA PN PRZOD FO910	POLONEZ/FSO	1	18,55	5907553959395
0KL5284808	5284808	KLAMKA WEW.PN PLASTIKOWA RZEM	POLONEZ/FSO	0	6,09	5908242722375
0KLFO1-10/1	FO1-10/1	KLOCKI H-CA PN TYL TECHNOFRIX	POLONEZ/FSO	0	11,67	
0KLFT29003/1	FT29003/1	KLOCKI H-CA PN LUCAS TECHNOFRIX	POLONEZ/FSO	0	19,00	
0KO009574/1	009574/1	KOREK CHLODNICY PN/FSO/ZUK RZEMIOSLO	POLONEZ/FSO	>30	9,37	
0KO026823	026823	KOREK SPUST.Z WKL.MAG.MISY/T.MOS.PN/126	POLONEZ/FSO	0	2,01	
0KO10716-1	10716-1	KOSTKA REFLEKTORA H4 ON3	POLONEZ/FSO	>30	1,62	05906764376335
0KO10716-2	10716-2	KOSTKA REFLEKTORA H4 ON3 CZARNA Z POKRYW	POLONEZ/FSO	0	3,31	
0KO10716-3	10716-3	KOSTKA REFLEKTORA H7 CZARNA	POLONEZ/FSO	>30	3,26	05906764376359
0KO15153580	15153580	KONCOWKA CIEGNA GAZU FSO-PLASTIKOWA.....	POLONEZ/FSO	0	1,65	
0KO21A	21A	KOLEK ROZP.FI-8 -MOC.ZDERZ.DO BELKI PN+	POLONEZ/FSO	>30	0,62	5905907951255
MOT16PKZ01	16PKZ01	KONCOWKA DRAZKA KROTKA PN/FSO 16-PKZ-01	MOTOTECHNIKA	0	16,58	5906031420273
0KO32006B	32006B	KONCOWKA DRAZKA KROTKA PN/FSO FABRYCZNA	POLONEZ/FSO	0	20,47	
MOT16PKZ02	16PKZ02	KONCOWKA DRAZKA DLUGA PN/FSO 16PKZ02 RZE	MOTOTECHNIKA	>30	22,38	5906031420259
MOT16PKZ04	16PKZ04	KONCOWKA DRAZKA KROTKA PN MR93 16PKZ04	MOTOTECHNIKA	>30	23,21	5906031420235
0KO32198B	32198B	KONCOWKA DRAZKA KROTKA PN MR93 KROSNO...	POLONEZ/FSO	0	20,82	5906031420235
MOT16PKZ03	16PKZ03	KONCOWKA DRAZKA DLUGA PN MR93 16PKZ03	MOTOTECHNIKA	25	23,21	5906031420211
0KO4084454/1	4084454/1	KOREK WLEWU PALIWA FSO PN WAT	POLONEZ/FSO	0	10,56	
0KO4116293	4116293	KOLEK WALKA ROZRZADU F/PN	POLONEZ/FSO	26	0,24	
0KO4153055	4153055	KOREK ZBIORNIKA WYROW.CHLOD.FSO	POLONEZ/FSO	4	6,21	
0KO4161330/1	4161330/1	KOREK WLEWU OLEJU 125 PN WAT	POLONEZ/FSO	14	4,97	
0KO4306353	4306353	KOLEK DO USZCZELKI P/KURZOWEJ PN.22M	POLONEZ/FSO	0	0,24	5905907951286
0KO4372991	4372991	KOSTKA MOCO.UCHW.PASAZ PN 31A  .........	POLONEZ/FSO	>30	0,47	5905907951538
0KO4372991/1	4372991/1	KOSTKA MOCOW.PODLOKIE.PN 31B   .........	POLONEZ/FSO	20	0,37	5905907951545
0KO44919022/1	44919022/1	KOPULKA APARATU ZAPL.FSO/PN RZEMIOSLO ..	POLONEZ/FSO	0	14,68	
0KO513.62.00	513.62.00	KOSTKA STACYJKI PN MR 93 LOMIANKI ......	POLONEZ/FSO	0	43,50	
0KOAPE21AC	APE21AC	KONTROLKA SWIATEL OPOLE  076758  PLUS	POLONEZ/FSO	0	76,93	
0KOAPE21T	APE21T	KONTROLKA SWIATEL OPOLE  078994 TRUCK +	POLONEZ/FSO	2	78,13	
0KOBLPN	BLPN	KONCOWKA BLOTNIKA TYL.PN  LEWA .........	POLONEZ/FSO	0	7,26	
0KOBPPN	BPPN	KONCOWKA BLOTNIKA TYL.PN  PRAWA.........	POLONEZ/FSO	0	7,66	
0KOZNON1	ZNON1	KOSTKA WEW.INST.ELEK.OK 1 /KOSTKA+2KONEK	POLONEZ/FSO	0	0,81	5903022410275
0KOZNON2	ZNON2	KOSTKA WEW.INST.ELEK.OK 2      .........	POLONEZ/FSO	>30	1,50	5903022410282
0KOZNON3	ZNON3	KOSTKA WEW.INST.ELEK.OK 3      .........	POLONEZ/FSO	3	1,98	5903022410213
0KOZNON4	ZNON4	KOSTKA WEW.INST.ELEK.OK 8      .........	POLONEZ/FSO	28	4,51	5903022410299
0KOZNON4/1	ZNON4/1	KOSTKA WEW.INST.ELEK.OK 4      .........	POLONEZ/FSO	6	2,66	5903022410244
0KOZNON6	ZNON6	KOSTKA WEW.INST.ELEK.OK 6      .........	POLONEZ/FSO	>30	3,53	5903022410251
0KR0031161	0031161	KRZYZAK WALU PN DAEWOO FABRYKA	POLONEZ/FSO	25	27,97	
0KR0031161/4	0031161/4	KRZYZAK WALU FSO/PN/LADA GU500-1S  24X62	POLONEZ/FSO	0	25,87	
0KR0031161/DMP	0031161/DMP	KRZYZAK WALU PN DAEWOO	POLONEZ/FSO	0	17,40	
0KR067297	067297	KRATA PRZEDNIA MASKO.CARO PLUS ZEW.!!!	POLONEZ/FSO	0	11,75	
0LA0067818/1	0067818/1	LAMPKA KIERUNK.BOCZNEGO PN + POMAR.RZEM!	POLONEZ/FSO	10	6,84	5903116340174
0LA0067818/2	0067818/2	LAMPKA KIERUNK.BOCZNEGO PN + BIALA RZEM!	POLONEZ/FSO	1	6,84	5903116340570
0LA024391	024391	LAMPKA BOCZNA BLOTNIKA PN FSO PRAWA. ...	POLONEZ/FSO	2	17,01	5905907950326
0LA024392	024392	LAMPKA BOCZNA BLOTNIKA PN FSO LEWA	POLONEZ/FSO	0	12,85	5905907950319
0LA024421	024421	LAPA SPRZEGLA PN FABRYCZNA	POLONEZ/FSO	0	46,52	
0LA039892	039892	LAMPA TABLICY REJ. PN N.TYP FL UNO	POLONEZ/FSO	12	9,32	5903116340723
0LA039892/1	039892/1	LAMPA OSW.TABL.REJ.PN CARO EUR .........	POLONEZ/FSO	0	4,70	5903116340716
0LA051849	051849	LAMPKA BOCZNA KIERUNKOWSKAZU PN CARO	POLONEZ/FSO	5	12,14	5905907950227
0LA1020072200	1020072200	LAMPA SUFITOWA PN Z WYLACZNIKIEM KWIDZYN	POLONEZ/FSO	0	14,25	
MOT16DBN01	16DBN01	LACZNIK KONC.DRAZKOW PN KROTKI 16DBN01	MOTOTECHNIKA	>30	20,72	5906031420075
MOT16DBN02	16DBN02	LACZNIK KONC.DRAZKOW PN NT DLUGI 16DBN02	MOTOTECHNIKA	9	21,55	5906031420051
0LA4060051/KPL	4060051/KPL	LACZNIK STABIL. PRZ.PN KPL	POLONEZ/FSO	0	34,51	5907555360335
0LA4326561	4326561	LAMPKA ZDERZAKA PN PRAWA COUPE .........	POLONEZ/FSO	7	21,13	5903116340013
0LA4326562	4326562	LAMPKA ZDERZAKA PN LEWA COUPE  .........	POLONEZ/FSO	7	21,13	5903116340020
0LA4357452	4357452	LACZNIK RURKI POMPY OLEJU PN   .........	POLONEZ/FSO	0	1,20	
0LAMD-22/L	MD-22/L	LAMPA TYLNA LEWA TRUCK PLUS BYDGOSZCZ..	POLONEZ/FSO	0	37,29	5907556003545
0LAMD-22/P	MD-22/P	LAMPA TYLNA PRAWA TRUCK PLUS BYDGOSZCZ..	POLONEZ/FSO	0	37,29	5907556003552
0LI020921	020921	LINKA MASKI SILNIKA PN  LINEX  .........	POLONEZ/FSO	0	11,14	
0LI024100	024100	LINKA PREDKOSCIOMIERZA PN LINEX ........	POLONEZ/FSO	0	11,44	5907668204182
0LI024383	024383	LINKA SPRZEGLA DLUGA FSO ZAM LIN14.10.44	POLONEZ/FSO	0	10,29	5907668206100
0LI024384/1	024384/1	LINKA SPRZEGLA PN KROTKA ZAM LIN11.10.03	POLONEZ/FSO	0	8,55	5907668203727
0LI025989	025989	LINKA BAGAZNIKA PN ZAM LIN11.42.01	POLONEZ/FSO	0	9,91	5907668204496
0LI025989/1	025989/1	LINKA BAGAZNIKA CARO ZAM LIN11.42.02	POLONEZ/FSO	0	8,73	5907668204502
0LI039422/1	039422/1	LINKA GAZU KROTKA PN ZAM LIN11.20.03	POLONEZ/FSO	0	13,15	
0LI041590/1	041590/1	LINKA H-CA RECZN.TRUCK LINEX DLUGA/Z BLA	POLONEZ/FSO	0	26,05	5907668203536
0LI043279/1	043279/1	LINKA RECZ.TRUCK LUCAS DLUGA LIN11.01.20	POLONEZ/FSO	0	32,65	5907668203567
0LI054935/1	054935/1	LINKA GAZU PN WTRYS LINEX ABIMEX	POLONEZ/FSO	0	8,35	5907668203987
0LI058390/1	058390/1	LINKA PREDKOS. PN CARO93 ZAM LIN11.30.07	POLONEZ/FSO	0	11,03	5907668204205
0LI058731/TRUCK	058731/TRUCK	LISTWY PROGOWE PN TRUCK	POLONEZ/FSO	0	36,03	
0LI059541/1	059541/1	LINKA GAZU PN ROVER ZAM LIN11.20.04	POLONEZ/FSO	0	17,06	5907668203963
0LI061998/2	061998/2	LINKA SPRZEGLA PN LUCAS ZAM LIN11.10.01	POLONEZ/FSO	0	14,81	5907668203796
0LI064657/1	064657/1	LINKA SPRZEGLA PN ROVER LUCAS 11.10.08	POLONEZ/FSO	0	18,47	5907668203772
0LI077378/1	077378/1	LINKA PREDKOSCI PN CARO PLUS LINEX	POLONEZ/FSO	0	11,03	5907668204205
0LI077731/1	077731/1	LINKA SPRZEGLA PN PLUS ZAM LIN11.10.12	POLONEZ/FSO	0	17,45	5907668203819
0LI11.10.14	11.10.14	LINKA SPRZEGLA PN 1,9 LUCAS DL.1527 LINE	POLONEZ/FSO	0	17,45	5907668203826
0LI11.10.16	11.10.16	LINKA SPRZEGLA PN 1,9 LUCAS DL.2090 LINE	POLONEZ/FSO	0	17,63	
0LI11.20.07	11.20.07	LINKA GAZU PN 1-P.WTR.BOSCH LIN11.20.07	POLONEZ/FSO	0	15,48	
0LI11.20.08	11.20.08	ZAMIENIONE NA LIN11.20.08	POLONEZ/FSO	0	20,48	5907668204007
0LI4294024	4294024	LINKA H-CA RECZNEGO PN FABRYKA	POLONEZ/FSO	0	12,62	
0LI4294024/1	4294024/1	LINKA H-CA RECZNEGO PN ZAM LIN11.01.10	POLONEZ/FSO	0	19,60	
0LI4384840/1	4384840/1	ZAMIENIONE NA LIN11.48.01	POLONEZ/FSO	0	8,87	5907668204564
0LI4390233/1	4390233/1	LINKA GAZU DLUGA PN LINEX     .........	POLONEZ/FSO	0	7,46	
0LI60061857	60061857	LINKA H-CA RECZNEGO PN LUCAS FABRYKA ...	POLONEZ/FSO	0	16,53	
0LI60061857/1	60061857/1	LINKA H-CA PN LUCAS ZAM LIN11.01.36	POLONEZ/FSO	0	40,32	5907668203697
0LIN3	N3	LINKA NAGRZEWNICY PN CARO   .........	POLONEZ/FSO	0	3,18	
0LO6005 2RSC3	6005 2RSC3	LOZYSKO 6005 2ZZ	POLONEZ/FSO	2	7,89	
0LO6200ZZ	6200ZZ	LOZYSKO 6200 ZZ               .........	POLONEZ/FSO	10	4,51	4770590387855
0LO62012ZZKOY	62012ZZKOY	LOZYSKO 6201 2ZZ KOYO ALTER.PN/FSO/CNQ	POLONEZ/FSO	0	4,05	4770590387855
0LO6202ZZ	6202ZZ	LOZYSKO 6202 2ZZ	POLONEZ/FSO	9	5,12	4770590387855
0LO6205ZZ	6205ZZ	LOZYSKO 6205 ZZ	POLONEZ/FSO	6	10,72	
0LO6302 2RS	6302 2RS	LOZYSKO 6302 2ZZ /ALT.TICO PN DUZE	POLONEZ/FSO	4	7,14	4770590387855
0LO63042RS	63042RS	LOZYSKO 6304 2RS ROLKI NAP.ALT.PN 1,9	POLONEZ/FSO	3	11,69	
0LO63062RS/KYK	63062RS/KYK	LOZYSKO POLOSI PN 6306 2RS KYK	POLONEZ/FSO	0	10,01	5900258013799
0LOCBK093	CBK093	LOZYSKO TYLNEGO MOSTU PN CBK093 W.ATAK..	POLONEZ/FSO	0	27,40	
0LOCBK094/HM89446	CBK094/HM89446	LOZYSKO TYLNEGO MOSTU PN CBK094 W.ATAK.	POLONEZ/FSO	0	28,48	
0LOCBK187	CBK187	LOZYSKO TYLNEGO MOSTU CBK187 MECH.ROZ...	POLONEZ/FSO	0	20,64	
0LOHK-1210	HK-1210	LOZYSKO WALKA SPRZEGLA PN CITROEN    ..	POLONEZ/FSO	0	3,63	
0LU0027628/2	0027628/2	LUSTERKO PN P RADOM ZEWNETRZNE..........	POLONEZ/FSO	0	29,83	
0LU039574/RADOM	039574/RADOM	LUSTERKO PN TRUCK PRAWE RADOM ZEWNETRZN.	POLONEZ/FSO	0	25,85	
0LU039575/RADOM	039575/RADOM	LUSTERKO PN TRUCK LEWE RADOM ZEWNETRZNE	POLONEZ/FSO	0	26,77	
0LULW017.03	LW017.03	LUSTERKO WESEM NA RAMKE DRZWI UNIWERSALN	POLONEZ/FSO	6	33,00	5905445017031
0LULW019.03	LW019.03	LUSTERKO WESEM NA DRZWI UNIWERSALNE	POLONEZ/FSO	8	36,09	5905445019035
0ME013810/1	013810/1	MEMBRAMA P-PY PALIWA Z PLASTIKIEM	POLONEZ/FSO	>30	6,46	25906764378203
0MIAPE07	APE07	MIKROPROCESOR OPOLE  063111  CARO ST.T.	POLONEZ/FSO	0	113,16	
0MIAPE07E	APE07E	MIKROPROCESOR OPOLE  064108  ATU	POLONEZ/FSO	0	58,79	
0MIAPE17A	APE17A	MIKROPROCESOR OPOLE  076939  ATU PLUS...	POLONEZ/FSO	1	115,02	
0MIAPE17C	APE17C	MIKROPROCESOR OPOLE  076756  PN PLUS....	POLONEZ/FSO	2	96,37	
0MIAPE17CARGO	APE17CARGO	MIKROPROCESOR OPOLE  081559  CARGO PLUS	POLONEZ/FSO	0	101,59	
0MIAPE17T	APE17T	MIKROPROCESOR OPOLE  077538  TRUCK PLUS	POLONEZ/FSO	1	115,02	
0MIAPE17TKLIMA	APE17TKLIMA	MIKROPROCESOR OPOLE 082246 TRUCK1,9+KLIM	POLONEZ/FSO	0	62,21	
0MO067721	067721	MODUL STEROWANIA OGRZEWANIEM CARO  PLUS	POLONEZ/FSO	0	58,61	
0MO3374180/1	3374180/1	MOSTEK ALTERNATORA PN PLAST	POLONEZ/FSO	20	23,43	5906764370098
0MOAPE05	APE05	MODUL ZAPLONU OPOLE  60055678  PN	POLONEZ/FSO	8	62,14	
0MOD.I.S. 12V	D.I.S. 12V	MODUL CEWKI ZAPLONOWEJ PN APE OPOLE   ..	POLONEZ/FSO	2	197,03	5906764592759
0NA0024385/1	0024385/1	NAKRETKA LINKI SPRZEGLA PN FSO	POLONEZ/FSO	27	2,01	5901435602232
0NA034513	034513	NAKRETKA SAMOREG.SZCZEK PN TRUCK ......	POLONEZ/FSO	0	1,21	
0NA039751	039751	NAKLADKA PLAST.POKRYWY BAGAZNIKA CARO...	POLONEZ/FSO	7	34,80	
0NA076407	076407	NAPINACZ ROLKI ALTERNAT.KPL.PNTRUCK+1,9	POLONEZ/FSO	0	36,73	
0NA14044171	14044171	NAKRETKA PIASTY PRZOD"L"BEZ NACIECIA PN	POLONEZ/FSO	26	3,23	
0NA14044271	14044271	NAKRETKA WALKA ATAKUJACEGO PN       ...	POLONEZ/FSO	14	1,98	
0NA14044871	14044871	NAKRETKA PIASTY PRZED"P"Z NACIECIEM PN .	POLONEZ/FSO	13	3,79	
0NA4170605/1	4170605/1	NAKLADKA PEDALOW PN/FSO RZEMIOSLO	POLONEZ/FSO	11	1,71	5906365390976
0NA4230555/1	4230555/1	NAKRETKA RURY PODWOJ.PN/FSO/LUB MOSIADZ!	POLONEZ/FSO	0	1,71	
0NA4361810	4361810	NAKLADKA ZACZEPU CIEG.POLKI PN  35	POLONEZ/FSO	0	0,51	
0NA4593215	4593215	NAKRETKA KONC.WALU.NAPED. PN   .........	POLONEZ/FSO	0	1,57	
0NAM10 1.25	M10 1.25	NAKRETKA M10X1,25 Z WKLADKA PLASTIKOWA	POLONEZ/FSO	>30	0,34	
0NAM10 1.25/8	M10 1.25/8	NAKRETKA M10X1,25 Z WKLAD.PLAS.WYSOKA!!!	POLONEZ/FSO	>30	0,33	
0NAM12X1.25	M12X1.25	NAKRETKA M12X1,25 Z WKLADKA PLASTIKOWA..	POLONEZ/FSO	>30	0,37	
0NAM12X1.5 W	M12X1.5 W	NAKRETKA M12X1,5 Z WKLADKA PLAST.WYSOKA1	POLONEZ/FSO	>30	0,68	
0NAM14X1,5/1	M14X1,5/1	NAKRETKA M14X1,5O Z WKLADKA PLASTIKOWA..	POLONEZ/FSO	>30	0,96	
0NAM16X1,5/W	M16X1,5/W	NAKRETKA M16X1,5 Z WKLADKA ......	POLONEZ/FSO	11	0,62	
0NAM20X1,5/W	M20X1,5/W	NAKRETKA M20X1,5 Z WKLADKA .....	POLONEZ/FSO	20	1,04	
0NAM4	M4	NAKRETKA M"4" Z WKLADKA PLASTIKOWA......	POLONEZ/FSO	20	0,10	
0NAM5	M5	NAKRETKA M"5" Z WKLADKA PLAST. PAK.50SZT	POLONEZ/FSO	>30	0,10	
0NAM6	M6	NAKRETKA M"6" Z WKLADKA PLAST. PAK.50SZT	POLONEZ/FSO	>30	0,10	
0NAM8	M8	NAKRETKA M"8" Z WKLADKA PLAST. PAK.50SZT	POLONEZ/FSO	>30	0,13	
0OB4094241M1453	4094241M1453	OBSADA DRAZKA STABIL. PN  FABRYCZN	POLONEZ/FSO	0	6,68	5907595780155
0OB4313823/1	4313823/1	OBEJMA METAL.PIOR RESORA 125P BEZ UCHWYT	POLONEZ/FSO	16	3,92	
0OB4313823/2	4313823/2	OBEJMA METAL.PIOR RESORA 125P Z UCHWYTEM	POLONEZ/FSO	20	4,70	
0OP0062732	0062732	OPRAWKA ZAROWKI KIERUNK. PN CARO+ "6"	POLONEZ/FSO	0	5,74	
0OP035109	035109	OPRAWKA Z ZAR.12V1,2W DO ZEST.WSK.PN	POLONEZ/FSO	0	1,74	
0OP054443	054443	OPRAWKA ZAR.SWIAT.POZ.PN CARO 029760241	POLONEZ/FSO	0	6,87	
0OP054444	054444	OPRAWKA ZAROWKI KIERUNK. PN CARO 21W"5B"	POLONEZ/FSO	0	13,56	5905907951903
0OP4135918/1	4135918/1	OPASKA ZBIORNIKA PALIWA PN RZEMIOSLO   .	POLONEZ/FSO	>30	4,58	
0OP4135918/DLUGA	4135918/DLUGA	OPASKA ZBIORNIKA PALIWA PN DLUGA RZEM  .	POLONEZ/FSO	0	4,79	
0OP9915848	9915848	OPRAWKA ZAR.LAMPY TABL.REJ.FIAT 125P	POLONEZ/FSO	5	7,21	5903116340808
0OR4181564S	4181564S	ORING LOZYSKA POLOSI FSO PN /SILIKON/...	POLONEZ/FSO	13	0,80	5901874263957
0OR987099	987099	ORING ZAWOROW FSO,126P PAKOWANY 100 SZT.	POLONEZ/FSO	>30	0,37	5901874263551
0OR987112	987112	ORING KOLA PASOWEGO WALU KORBOWEGO126 PN	POLONEZ/FSO	>30	1,16	5901874261199
0OS076515	076515	OSLONA PASA BEZPIE.CARO+ "P"   .........	POLONEZ/FSO	0	3,53	
0OS4097367	4097367	OSLONA ODPOWIETRZNIKA ZACISKU  PN FSO	POLONEZ/FSO	0	1,27	
0OS8,0P	8,0P	OS PRZEPUSTNICY PN KPL 8,0     .........	POLONEZ/FSO	1	7,13	
0OSW10305RY	W10305RY	OSLONA TLOKA ZACISKU TYL PN FABRYCZNA	POLONEZ/FSO	0	2,38	
0OSW10306RY	W10306RY	OSLONA TLOKA ZACISKU PRZOD PN FABRYCZNA.	POLONEZ/FSO	0	2,13	
0PA012504	012504	PANEWKI GLOWNE PN NOMINALNE FABRYCZNE ..	POLONEZ/FSO	1	141,47	
0PA012505	012505	PANEWKI GLOWNE PN I SZLIF FABRYCZNE	POLONEZ/FSO	2	141,47	
0PA4397886	4397886	PANEWKI KORBOWODOWE PN NOMINALNE	POLONEZ/FSO	0	104,83	
0PA4397888	4397888	PANEWKI KORBOWODOWE PN I SZLIF	POLONEZ/FSO	2	104,83	
0PA44919030/1	44919030/1	PALEC APARATU ZAPL.FSO RZEMIOS	POLONEZ/FSO	0	9,94	
0PA449690291/1	449690291/1	PALEC APARATU ZAPL.PN ELEKTR.RZEMIOSLO	POLONEZ/FSO	0	12,66	
0PA913/ROVEN	913/ROVEN	PASEK KLINOWY ZEBATY PN "ROVEN" 913	POLONEZ/FSO	0	3,93	
0PA925/BOSCH	925/BOSCH	PASEK KLINOWY ZEBATY PN"BOSCH"10X925	POLONEZ/FSO	0	7,94	
0PA925/ROVEN	925/ROVEN	PASEK KLINOWY ZEBATY PN "ROVEN" 925	POLONEZ/FSO	0	4,50	
0PI063107	063107	PIASTA KOLA PRZEDNIEGO PN LUKAS NKPL.	POLONEZ/FSO	0	65,25	
0PI131815	131815	PIERSC.WIRNIKA ALT.- PN 1,9+MARKI FRANC.	POLONEZ/FSO	2	11,75	
0PI4054886	4054886	PIERSCIEN LOZYSKA POLOSI PN RZEMIOSLO	POLONEZ/FSO	0	8,70	
0PI4356490	4356490	PIASTA PRZESOWKI SKRZYNI VB PN         .	POLONEZ/FSO	0	25,65	
0PI562000033	562000033	-> PA41L10 PIORO WYCIERACZKI PN 410 MM	MOTGUM WYCOFANE	0	4,69	
0PI56233C	56233C	-> PA51L10 PIORO WYCI CARO/LUB.II 510MM	MOTGUM WYCOFANE	0	6,22	
0PIW3725	W3725	PIERSCIEN WEWNETRZNY ZACISKU TYLNEGO PN	POLONEZ/FSO	0	1,74	
0PL4158491/1	4158491/1	PLECIONKA SILNIK-MASA FSO 197MM/DL.215MM	POLONEZ/FSO	>30	10,27	3067643700688
0PL9911887/1	9911887/1	PLYWAK GAZNIKA PN,FSO RZEMIOSLO	POLONEZ/FSO	0	9,57	
0PO0039183/47PMB3	0039183/47PMB3	POMPA PALIWA N.TYP PN CARO FOS LODZ.....	POLONEZ/FSO	0	48,98	5907595766081
0PO0056647	0056647	PODNOSNIK OP.SZYBY LEWY PN FABRYCZNY....	POLONEZ/FSO	0	43,40	
0PO020014	020014	POPYCHACZ POMPY PALIWA PN      .........	POLONEZ/FSO	1	6,02	
0PO025374/1	025374/1	POMPA SPRZEGLA FSO RZEMIOSLO  .........	POLONEZ/FSO	0	62,33	
0PO051528	051528	PODKLADKA ODLEG.FIL.POW.WTRYSK ABIMEX...	POLONEZ/FSO	0	21,86	
0PO057279	057279	POMPA PALIWA RECZNA NA PRZEW."10" PN 1,9	POLONEZ/FSO	0	22,62	8033989010465
0PO059359	059359	POTENCJOMETR PRZEP.ABIMEX PN   .........	POLONEZ/FSO	0	28,53	
0PO062322	062322	POMPA HAMULCA PN LUKAS PMH 444...	POLONEZ/FSO	0	100,05	
0PO065246/1	065246/1	POMPA PALIWA ELEKTR.PN TRUCK C70911/B34	POLONEZ/FSO	0	87,00	
0PO076993	076993	POTENCJOMETR PRZEP. PN BOSCH......	POLONEZ/FSO	0	134,85	
0PO112.00.00	112.00.00	POMPKA SPRYSKIWACZA ELEK.PN DO ZBIORNIKA	POLONEZ/FSO	0	11,19	8691236544578
0PO20485/3	20485/3	POSZYCIE DRZ.TYL.-REPER1/3 PN"L"	POLONEZ/FSO	0	9,00	
0PO2156.15	2156.15	POMPA PALIWA FOS LODZ PN,FSO  017504	POLONEZ/FSO	0	61,41	
0PO4125492-89	4125492-89	PODUSZKA DRAZKA REAKCYJNEGO PRZOD FABRPN	POLONEZ/FSO	0	6,32	
0PO4125492/93	4125492/93	PODUSZKA DRAZKA REAK.PRZOD RZEMIOSLO PN	POLONEZ/FSO	8	14,00	5906365391799
0PO4145981Z305	4145981Z305	PODUSZKA SILNIKA PN FSO STOMIL	POLONEZ/FSO	10	32,63	5907553959562
0PO4195981	4195981	PODUSZKA SIL.PN,FSO RZEMIOSLO	POLONEZ/FSO	10	25,97	1000000000191
0PO4198280	4198280	PODUSZKA SKRZYNI BIEGOW PN  FABRYCZNA .	POLONEZ/FSO	0	40,19	5907595780254
0PO4360593	4360593	PODPROZE PN "P"Z UCHWYTEM LEWARKA.......	POLONEZ/FSO	0	19,10	
0PO4360594	4360594	PODPROZE PN "L"Z UCHWYTEM LEWARKA.......	POLONEZ/FSO	0	19,10	
0PO4579730/01	4579730/01	PODPORA WALU METALEX WASKA!!KOMPLETNA	POLONEZ/FSO	0	47,52	5907553959722
0POP6115/1	P6115/1	POPRZECZKI RAMY SKRZ.LAD.TRUCK - 1SZT...	POLONEZ/FSO	0	30,18	
0POZ-1231	Z-1231	PODKLADKA GUMOWA SPIRALI FSO,PN,126P FAB	POLONEZ/FSO	0	4,35	
0POZ-1231/1	Z-1231/1	PODKLADKA GUMOWA SPIRALI FSO,PN,126P RZE	POLONEZ/FSO	17	5,05	5907553959166
0PR0030095	0030095	PRZEWOD PAPIEROWY PN KOL.WYD-TERMOSTAT .	POLONEZ/FSO	0	17,40	
0PR0030234	0030234	PRZEWOD PODCIS.SERWA PN KROTKI	POLONEZ/FSO	0	2,85	
0PR0057328	0057328	PRZEWOD PAPIEROWY PN MR 094 KROTKI45/215	POLONEZ/FSO	0	18,85	
0PR0057587	0057587	PRZEWOD PAPIEROWY PN MR 093 DLUGI60/515	POLONEZ/FSO	0	18,85	
0PR0058172	0058172	PRZEWOD WLOTOWY DO NAGRZEWNICY PN CAR-93	POLONEZ/FSO	0	2,74	
0PR0059625	0059625	PRZEWOD CHLODNICY GORNY PN MR93 WTRYSK	POLONEZ/FSO	0	11,34	
0PR0059625/1	0059625/1	PRZEWOD CHLODNICY GORNY PN MR93 WTR.PAGU	POLONEZ/FSO	5	12,28	
0PR0076426/1703	0076426/1703	PRZEWOD CHLODNICY DOLNY PN MR 93 WTRYSK	POLONEZ/FSO	0	48,28	
0PR023037/1	023037/1	PRZEWOD H-CA PN DO KOREKTORA/MIEDZ.3/	POLONEZ/FSO	2	12,04	5908243290200
0PR023039/1	023039/1	PRZEWOD H-CA PN TYL PRAWY/MIEDZ.5/	POLONEZ/FSO	3	14,89	5908243290224
0PR023041/1	023041/1	PRZEWOD H-CA PN TYL LEWY/MIEDZ.4/	POLONEZ/FSO	3	9,90	5908243290217
0PR023053/1	023053/1	PRZEWOD H-CA PN PRZOD LEWY Z SYG.MIEDZ.8	POLONEZ/FSO	0	9,90	5908243290255
0PR028400	028400	PRZEWOD CHLODNICY FSO-PN DOLNY SILNIK PN	POLONEZ/FSO	0	10,53	
0PR028401	028401	PRZEWOD CHLODNICY GORNY FSO-PN SILNIK PN	POLONEZ/FSO	0	8,97	
0PR028489/1	028489/1	PRZEWOD PALIWA DOPLYW PN/FSO MIEDZ 8	POLONEZ/FSO	0	47,82	5908243290248
0PR028491/1	028491/1	PRZEWOD POWROTNY PALIWA PN/FSO MIEDZ 6	POLONEZ/FSO	5	42,31	5908243291306
0PR028916/M6A	028916/M6A	PRZEWOD H-CA PN DLUGI FRANCUZ MIEDZ."7"	POLONEZ/FSO	2	29,50	5908243290248
0PR029376	029376	PRZEWOD CHLODNICY DOLNY PN FABRYCZNY.	POLONEZ/FSO	0	12,01	
0PR029547	029547	PRZEWOD H-CA PN PRZOD PRAWY 1MIEDZ	POLONEZ/FSO	1	23,08	5908243290187
0PR029551/M2	029551/M2	PRZEWOD H-CA FSO PRZOD LEWY MIEDZ/2/	POLONEZ/FSO	1	13,81	5908243290194
0PR029555/M6	029555/M6	PRZEWOD H-CA PN DLUGI MIEDZ ZWYKLY "6"	POLONEZ/FSO	3	35,25	5908243290231
0PR032971/1	032971/1	PROG WEWNETRZNY PRAWY TRUCK RZEMIOSLO...	POLONEZ/FSO	0	56,40	
0PR032972/1	032972/1	PROG WEWNETRZNY LEWY TRUCK RZEMIOSLO...	POLONEZ/FSO	0	50,16	
0PR033029/1	033029/1	PROG ZEWNETRZNY P TRUCK RZEM.	POLONEZ/FSO	0	59,32	2304
0PR033030/1	033030/1	PROG ZEWNETRZNY L TRUCK RZEM.	POLONEZ/FSO	0	61,34	2303
0PR033763	033763	PRZEWOD TERMOSTAT KOLEKTOR SSACY PN	POLONEZ/FSO	0	6,18	
0PR054064	054064	PRZEWOD CHLODNICY GORNY PN DIESEL  ....	POLONEZ/FSO	0	16,38	
0PR054066	054066	PRZEWOD TER-RURA POSR.CHL.PN 1,9 WOLMOT.	POLONEZ/FSO	0	9,57	
0PR054227	054227	PRZEWOD CHLODNICY DOLNY PN DIESEL	POLONEZ/FSO	0	10,27	
0PR054657	054657	PRZYCISK SYGNALU PN CARO FABR.........	POLONEZ/FSO	0	29,00	
0PR054888/1	054888/1	PRZEWOD FIL.POW.PN 1,9 DL.RZEM ZBROJONY.	POLONEZ/FSO	0	34,80	
0PR059243	059243	PRZEWOD CHLODNICY DOLNY PN ROVER  .....	POLONEZ/FSO	0	11,04	
0PR059326	059326	PRZEWOD CHLOD. GORNY PN ROVER  .........	POLONEZ/FSO	0	19,72	
0PR059327	059327	PRZEWOD CHLODNICY GORNY PN ROVER WOLBROM	POLONEZ/FSO	0	7,79	
0PR060171	060171	PRZEWOD LACZ.RUR.UK.CHL.ROVER  .........	POLONEZ/FSO	0	6,05	
0PR060396	060396	PRZEWOD EL.P-PY PALIWA PN W/WTR+ROV/OCZK	POLONEZ/FSO	0	12,63	
0PR061725	061725	PRZEWOD ELAST.H-CA PRZOD PN CARO	POLONEZ/FSO	0	8,69	
0PR062013/M1	062013/M1	PRZEWOD H-CA PN LUCAS PRZOD"P" MIEDZ.M-1	POLONEZ/FSO	2	21,81	5908243290361
0PR062015/M2	062015/M2	PRZEWOD H-CA PN LUCAS PRZOD"L" MIEDZ.M-2	POLONEZ/FSO	2	10,68	5908243290378
0PR062021/M5	062021/M5	PRZEWOD H-CA PN LUCAS TYL "P" MIEDZ.M-5	POLONEZ/FSO	4	14,98	5908243290408
0PR062023/M4	062023/M4	PRZEWOD H-CA PN LUCAS TYL "L" MIEDZ.M-4.	POLONEZ/FSO	4	10,42	5908243290392
0PR062418	062418	PRZEWOD ELAST.H-CA PRZOD PN LUCAS	POLONEZ/FSO	0	9,56	
0PR063654	063654	PRZEWOD ZBIOR.PAL.PN ATU  SPI+GSI ......	POLONEZ/FSO	0	12,92	
0PR063849	063849	PRZEWOD ELAST.H-CA TROJ.PN LUCAS-KROTKI.	POLONEZ/FSO	0	7,20	
0PR066295	066295	PRZEWOD ELAST.MAGISTRALI PALIW PN W.WTRY	POLONEZ/FSO	0	29,56	
0PR066508	066508	PRZEWOD OBUD.PRZEP.-GLOWICA PN WIEL/WTR.	POLONEZ/FSO	0	6,32	
0PR066930	066930	PRZEWOD ODPOWIETRZ.SILN.PN WIEL.WTRYSK	POLONEZ/FSO	0	15,33	
0PR076602	076602	PRZEWOD ZBIOR.PAL.PN PLUS 1PKT.WT ......	POLONEZ/FSO	0	14,38	
0PR077525	077525	PRZEWOD NAGRZ.PN PLUS ODPLYW./NAGRZ-SIL/	POLONEZ/FSO	0	6,79	
0PR081184	081184	PRZEWOD SSACY FILTRA POW.PN 1,9 98>	POLONEZ/FSO	0	41,33	
MOT16PWK02	16PWK02	PRZEGUB WAHACZA DOLNY FSO 16PWK02 RZEMIO	MOTOTECHNIKA	0	18,89	5906031420310
0PR31011B	31011B	PRZEGUB WAHACZA DOLNY FSO FABRYCZNY.....	POLONEZ/FSO	0	16,39	
MOT16PWK01	16PWK01	PRZEGUB WAHACZA GORNY FSO 16PWK01 RZEMI	MOTOTECHNIKA	0	18,89	5906031420334
0PR4066564	4066564	PRZEWOD GUMOWY POMPA WODY-TER.FSO ......	POLONEZ/FSO	0	2,00	
0PR4073996	4073996	PRZEWOD GUMOWY POMPA WODY RURKA NAG.FSO	POLONEZ/FSO	0	1,78	
0PR4108899	4108899	PRZEWOD ELAST.H-CA TYL PN/FSO	POLONEZ/FSO	0	6,13	
0PR4113774	4113774	PRZEWOD ODPOWIETRZNIKA GOR.FSO	POLONEZ/FSO	0	2,58	
0PR4113775	4113775	PRZEWOD ODPOWIETRZNIKA DOL.FSO CIENKI	POLONEZ/FSO	0	1,66	
0PR4125949	4125949	PRZEWOD ELAST.H-CA PRZOD PN/FSO	POLONEZ/FSO	0	7,95	
0PR4158827	4158827	PRZEWOD CHLODNICY FSO DOLNY FABRYCZNY	POLONEZ/FSO	0	12,30	
0PR4165325	4165325	PRZEWOD ELAST.SILOWNIKA FSO    .........	POLONEZ/FSO	0	8,33	
0PR4170331	4170331	PRZEWOD ELAST.H-CA DO TROJNIKA PN	POLONEZ/FSO	0	6,96	
0PR4178289	4178289	PRZEWOD CHLODNICY GORNY FSO FABRYCZNY	POLONEZ/FSO	0	10,88	
0PR4253896	4253896	PRZEWOD ZBIOR.PALIWA FSO GUMOWY FAB	POLONEZ/FSO	0	6,10	
0PR4253896/1	4253896/1	PRZEWOD ZBIOR.PALIWA FSO GUMOWY PAGUM	POLONEZ/FSO	11	7,25	5907553959180
0PR4254253	4254253	PRZEWOD NAGRZEW.PN,PN CARO,PLUS "L" FABR	POLONEZ/FSO	0	9,47	
0PR4355844	4355844	PRZEWOD POMPA WODY TERMOSTAT PN FABRYCZN	POLONEZ/FSO	0	5,74	
0PR4357480	4357480	PRZEWOD GUMOWY POMPA WODY RURKA NAG.PN	POLONEZ/FSO	0	2,14	
0PR4358343	4358343	PRZEWOD CHLODNICY PN GORNY FABRYCZNY	POLONEZ/FSO	0	7,61	
0PR4358343/1	4358343/1	PRZEWOD CHLODNICY PN GORNY PAGUM	POLONEZ/FSO	8	9,11	4358343 POLONEZ GORY
0PR4366464/1	4366464/1	PROG ZEWNETRZNY PRAWY PN KONSKIE........	POLONEZ/FSO	0	26,20	
0PR4366465/1	4366465/1	PROG ZEWNETRZNY LEWY PN KONSKIE.........	POLONEZ/FSO	0	26,20	
0PR4366786	4366786	PRZEWOD NAGRZEWNICY PN "S" WOLBROM .....	POLONEZ/FSO	0	5,57	
0PR4377366	4377366	PROG WEWNETRZNY PRAWY PN	POLONEZ/FSO	0	20,75	
0PR4377367	4377367	PROG WEWNETRZNY LEWY PN	POLONEZ/FSO	0	20,75	3019
0PR4379875	4379875	PRZEWOD ZBIOR.PALIWA WLEWU PN FABR	POLONEZ/FSO	0	13,57	
0PR4379875/R	4379875/R	PRZEWOD ZBIOR.PALIWA WLEWU PN RZEM	POLONEZ/FSO	16	10,59	5907553959111
0PR4381870	4381870	PRZEWOD ODPOWIETRZENIA SILNIKA PN FABRYC	POLONEZ/FSO	0	3,35	
0PR44919027/1	44919027/1	PRZERYWACZ APARATU ZAPL.FSO WAT	POLONEZ/FSO	17	14,91	
0PR449780301	449780301	PRZEWOD APARATU ZAPL.EL.PN ZIELONY	POLONEZ/FSO	18	13,42	5906190467591
0PR4910030	4910030	PRZEGUB ELAST.WALU NOWY TYP PN	POLONEZ/FSO	11	44,04	5907553959494
0PR4910030/M	4910030/M	PRZEGUB ELAST.WALU NOWY TYP PN METALEX..	POLONEZ/FSO	0	33,46	5907553959494
0PR5261600	5261600	PRZEL.ZESP.PN SZER.DZWIGNIA /ODNOWIONY/	POLONEZ/FSO	0	85,96	
0PR5262300	5262300	PRZEL.ZESP.PN MR 93/LUB 3 ODNOWIONY 7/8	POLONEZ/FSO	0	63,80	
0PRAPE22	APE22	PRZEKAZNIK SWIAT.P/MG CARO,ATU,TRUCK +	POLONEZ/FSO	0	52,94	
0PREWZ	EWZ	PRZEKAZNIK SWIATEL ZWLOCZNY  CARO-OPOLE	POLONEZ/FSO	0	29,48	
0PRP-541/1	P-541/1	PRZEKAZNIK P-541 INPRODRUS	POLONEZ/FSO	1	20,51	
0PRP-541/AC	P-541/AC	PRZEKAZNIK SWIATEL AC BIALYST.P-541	POLONEZ/FSO	>30	7,50	5903022200289
0PRP-542/AC	P-542/AC	PRZEKAZNIK P-542 LADOWANIE+SYGN.AC BIALY	POLONEZ/FSO	14	10,23	5903022200326
0PRP-543	P-543	PRZEKAZNIK SWIATEL MALY P 543  INPRODUS.	POLONEZ/FSO	0	20,51	
0PRP-545INPR	P-545INPR	PRZEKAZNIK LADOW,SYG,WENT,CARO /ODP 542/	POLONEZ/FSO	0	20,51	
0PRP-561/AC	P-561/AC	PRZEKAZNIK SWIATEL DZIEN. P-561 AC BIALY	POLONEZ/FSO	>30	7,56	5903022200364
0PRP-563	P-563	PRZEKAZNIK WT.PALIWA+SW.DZIENPN CZARNY	POLONEZ/FSO	0	9,57	
0PRP-563IMP	P-563IMP	PRZEKAZNIK SWIATEL P-563 IMPRODUS	POLONEZ/FSO	0	17,05	
0PRS13	S13	PRZEWODY ZAPL.PN S.T. FSO SENTECH	POLONEZ/FSO	18	15,61	5900373800137
0PRS14	S14	PRZEWODY ZAPL.PN CARO SENTECH	POLONEZ/FSO	5	17,06	5900373800144
0PRS21	S21	PRZEWODY ZAPL PN ABIMEX SENTECH	POLONEZ/FSO	9	20,72	5900373800212
0PRS25	S25	PRZEWODY ZAPL PN BOSCH<97 SPI SENTECH	POLONEZ/FSO	17	20,72	5900373800250
0PRS26	S26	PRZEWODY ZAPL PN MPI SENTECH	POLONEZ/FSO	27	20,72	5900373800267
0PRT51-70	T51-70	PRZEKAZNIK SWIATEL STARY TYP ZUK FSO....	POLONEZ/FSO	0	27,34	
0PRT52-10	T52-10	PRZEKAZNIK SYGNALU ST.TYP ZUK FSO=T52-11	POLONEZ/FSO	1	25,52	
0PRT52-11	T52-11	PRZEKAZNIK SYGNALU ST.TYP ZUK FSO=T52-10	POLONEZ/FSO	1	27,34	
0PRT52-30	T52-30	PRZEKAZNIK LADOWANIA FSO ZUK ST.TYP	POLONEZ/FSO	0	27,34	
0PRT52-31	T52-31	PRZEKAZNIK LADOWANIA FSO ZUK ST.TYP	POLONEZ/FSO	0	27,34	
MOPR006F1X	R006F1X	RAMIE WYCIER.TYL PN ST.TYP PROSTE	MOTGUM WYCIERACZKI	2	11,92	5900209000496
0RA0025083	0025083	RAMKA WYLACZNIKA KLAWISZOWEGO FSO PN....	POLONEZ/FSO	23	1,43	5903116340839
MOPR008F1X	R008F1X	RAMIE WYCIER.PRZOD PN CARO MR93	MOTGUM WYCIERACZKI	>30	12,39	5900209000397
MOPR009F1X	R009F1X	RAMIE WYCIER.TYL PN CARO 94 N.TYP.	MOTGUM WYCIERACZKI	11	12,39	5900209000403
0RE035242/1	035242/1	REPERATURKA BLOT.TYL."P"-NADKOLE-PN	POLONEZ/FSO	1	19,58	2030
0RE035243/1	035243/1	REPERATURKA BLOT.TYL."L"-NADKOLE-PN	POLONEZ/FSO	0	19,58	2029
0RE065129	065129	REGULATOR CISNIENIA PALIWA PN WIEL./WTRY	POLONEZ/FSO	0	75,39	
0RE076752	076752	REZYSTOR NAGRZEWNICY PN PLUS /I-III B./	POLONEZ/FSO	0	47,85	
0RE15RAA MM	15RAA MM	REGULATOR NAP.ALT.Z SZCZ.PN/CQN/UNO OPOL	POLONEZ/FSO	0	35,92	590676459012
0RE9939826	9939826	REGULATOR NAP.ALT.Z SZCZ.PN/CNQ  IMPORT!	POLONEZ/FSO	3	16,76	2000000017822
0RERA21DEJ	RA21DEJ	REGULATOR NAPIECIA 9D JEZPOL RNA2 ......	POLONEZ/FSO	14	35,70	5903116330045
0RERA2B	RA2B	REGULATOR NAPIECIA 6D AUTO POWER ...	POLONEZ/FSO	12	20,10	
0RERA2BJ	RA2BJ	REGULATOR NAPIECIA 6D JEZPOL RNA1 ......	POLONEZ/FSO	6	33,19	5903116330038
0RERA2DE	RA2DE	REGULATOR NAPIECIA 9D AUTO POWER .......	POLONEZ/FSO	>30	20,10	
0RO051180	051180	ROLKA ZDERZAKA PN CARO.................	POLONEZ/FSO	0	5,43	
0RO081179	081179	ROLKA NAPIN.PASEK ALTERNATORA PN DIESEL	POLONEZ/FSO	0	57,61	
0RO082379	082379	ROZPIERACZ SZCZEK H-CA PN TRUCK LUCAS"P"	POLONEZ/FSO	0	16,18	
0RO4275957	4275957	ROZETKA KORBKI 126 PN          .........	POLONEZ/FSO	0	1,49	
0RO4397115	4397115	ROZETKA KLAMKI PN              .........	POLONEZ/FSO	0	1,39	
0RU0051423	0051423	RURKA NAGRZEWNICY PN CARO WTRYSK FABRYKA	POLONEZ/FSO	0	12,18	
0RU0053608	0053608	RURA WYDECHOWA PN CARO DLUGA FABRYCZNA .	POLONEZ/FSO	0	22,29	5900431500108
0RU034648/1	034648/1	RURA WYDECHOWA PN TRUCK KROTKA/RZEMIOSLO	POLONEZ/FSO	0	19,49	
0RU041780	041780	RURA WYDECHOWA PN TRUCK DLUGI FABRYCZNA	POLONEZ/FSO	0	23,73	
0RU115256/R	115256/R	RURA WYDECHOWA DLUGA PN RZEMIOSLO	POLONEZ/FSO	0	19,60	
0RU20.20AL	20.20AL	RURA PODWOJNA PN RZEMIOSLO ALUMINIOWANA.	POLONEZ/FSO	0	34,38	852020
PLO20.21AL	20.21AL	RURA PODWOJNA PN CARO PLOCIENNIK.ALU	POLMOSTROW UKLAD WYDECHOWY	4	70,20	852021
0RU20.23/AL	20.23/AL	RURA WYDECHOWA PN CARO DLUG.ALUM.RZEMIOS	POLONEZ/FSO	0	19,60	
0RU20.27AL	20.27AL	RURA LACZ.TYL/2KON/TR.C.STD/KR.ALU PLOC.	POLONEZ/FSO	0	22,40	
0RU20.29AL	20.29AL	RURA LACZ.TYL/2KON/TR.C.LB/SRED.ALU PLOC	POLONEZ/FSO	0	22,40	
0RU20.30AL	20.30AL	RURA WYDECHOWA DLUGA PN ROVER RZEMIOSLO	POLONEZ/FSO	0	22,40	
PLO20.32AL	20.32AL	RURA PODWOJNA PN CARO WTRYSK ALU	POLMOSTROW UKLAD WYDECHOWY	1	56,70	852032
0RU20.33AL	20.33AL	RURA WYD.PRZED.PN ROVER KOLEK-KAT.PLOCIE	POLONEZ/FSO	1	75,62	
0RU4165073/1	4165073/1	RURA WYDECHOWA DLUGA FSO 07.281	POLONEZ/FSO	0	33,61	
0RY020470/1	020470/1	RYNIENKA DRZWI PN TRUCK "P"   .....	POLONEZ/FSO	0	22,34	
0RY020471/1	020471/1	RYNIENKA DRZWI PN TRUCK "L"   .....	POLONEZ/FSO	0	22,34	
0RY7660015	7660015	RYGIEL-ZACZEP ZAMKA DRZWI PN,126,CNQ "L"	POLONEZ/FSO	0	7,82	
0SE029558	029558	SERWO H-CA PN OLAWA	POLONEZ/FSO	0	177,71	
0SE062324	062324	SERWO H-CA PN LUKAS  PSA434	POLONEZ/FSO	0	63,80	
0SIC70514	C70514	SILNIK POMPY PALIWA PN BOSCH/UNO  C70509	POLONEZ/FSO	0	57,42	
MMASLP1100	SLP1100	SONDA LAMBDA PN ABIMEX/LANOS	MAGNETI MARELLI	15	45,90	3531650015283
0SP0024809	0024809	SPREZYNA ZACISKU H-CA PN CIENKA	POLONEZ/FSO	>30	0,99	5907555340641
0SP0057713	0057713	SPRYSKIWACZ PN CARO MOCOWANY NA MASKE ..	POLONEZ/FSO	0	6,19	
0SP015811	015811	SPINKA TAPICERKI PN PAK.100 SZT."7A"  ..	POLONEZ/FSO	>30	0,35	5905907950968
0SP034523/LUCAS	034523/LUCAS	SPREZYNY SZCZEK H-CA TRUCK LUCAS /KPL/	POLONEZ/FSO	8	14,72	5907555340832
0SP051801	051801	SPREZYNA TLUMIKA PN CARO   .........	POLONEZ/FSO	0	1,23	
0SP059227	059227	SPREZYNA GAZU PN CARO WTRYSK   .........	POLONEZ/FSO	>30	0,81	5907555340603
0SP063789/1	063789/1	SPINKA MOC.PODSUFITKI ATU PLUS RZEM.35A	POLONEZ/FSO	0	0,26	
0SP0814838P	0814838P	SPINKA METAL.CIEGNA GAZU "P" FSO,PN ....	POLONEZ/FSO	0	0,38	
0SP100400	100400	SPRZEGLO KPL POLONEZ 1,5 1,6 STATIM...	STATIM	0	118,52	5907659315156
0SP100450	100450	SPRZEGLO POLONEZ 1,4 ROVER STATIM	STATIM	0	117,29	5907659315163
0SP100451	100451	SPRZEGLO POLONEZ 1.9 DIESEL STATIM	STATIM	0	156,91	5907659315170
0SP14578180	14578180	SPINKA ZAMKA DRZWI PN 34C    .........	POLONEZ/FSO	>30	0,82	5905907951590
0SP14591787	14591787	SPINKA TAP.POKRYWY BAGAZ.CARO  /19/.....	POLONEZ/FSO	0	0,27	5905907951156
0SP19C	19C	SPINKA MOC.WYGL.POKR.SIL.PN PLUS  19C...	POLONEZ/FSO	0	0,27	5905907951187
0SP230300002	230300002	SPRYSKIWACZ/KON/PN/FSO  2-KONCOWKI+WEZYK	POLONEZ/FSO	0	5,70	
0SP4088199	4088199	SPREZYNA LAPY SPRZEGLA FSO     .........	POLONEZ/FSO	27	1,20	5907555340689
0SP4155829	4155829	SPREZYNA SYNCHRONIZATORA PN FABRYKA ....	POLONEZ/FSO	0	2,78	
0SP4164809	4164809	SPINKA SLIZGU ZACISKU H-CA/OMEGA	POLONEZ/FSO	>30	0,23	5907555340672
0SP4210446/1	4210446/1	SPREZYNA PODUSZKI ZAW.SILN.FSO/PN RZEM!!	POLONEZ/FSO	8	4,76	5907555340771
0SP4260696	4260696	SPINKA MATY WYGLUSZ.SIL.PN 22D .........	POLONEZ/FSO	0	0,16	
0SP4365530	4365530	SPREZYNA PRZYCISKU SYGNALU PN  .........	POLONEZ/FSO	0	0,48	5907555340634
0SP4394655	4394655	SPREZYNA LAPY SPRZEGLA PN	POLONEZ/FSO	>30	2,43	5907555340757
0SP46576495	46576495	SPREZYNA GLOWNA POMPY PALIWA FSO,PN,F126	POLONEZ/FSO	>30	0,64	5907555340313
0SPSZFL	SZFL	SPREZYNA ZAMKA DRZWI PN LEWA	POLONEZ/FSO	>30	0,72	5907555340719
0SPSZFP	SZFP	SPREZYNA ZAMKA DRZWI PN PRAWA	POLONEZ/FSO	20	0,72	5907555340733
0SR012567	012567	SRUBA RESORA KROTKA 12X95 PN	POLONEZ/FSO	25	2,98	
0SR051800	051800	SRUBA TLUMIKA I CARO  FABRYKA	POLONEZ/FSO	0	4,72	
0SR051800/801	051800/801	SRUBA+SPREZYNA I TLUM.CARO /2SR.+2SPR/	POLONEZ/FSO	0	10,88	5907555340573
0SR063057	063057	SRUBA MOC.POLOSI PN LUCAS  KL.10.9	POLONEZ/FSO	0	0,83	
0SR15542221	15542221	SRUBA AMORTYZATORA TYL FSO	POLONEZ/FSO	0	2,13	
0SR15971630	15971630	SRUBA AMORT.PRZOD FSO-PN "10"	POLONEZ/FSO	>30	2,11	
0SR4060013	4060013	SRUBA WAHACZA GORNEGO PN	POLONEZ/FSO	0	3,96	
0SR4060026	4060026	SRUBA WAHACZA DOLNEGO PN	POLONEZ/FSO	0	1,54	
0SR4170496	4170496	SRUBA DRAZKA REAKCYJNEGO TYL PN	POLONEZ/FSO	0	1,49	
0SR4247668	4247668	SRUBA RESORA DLUGA FSO-PN 12X1,25X120...	POLONEZ/FSO	11	3,82	
0SR4357962	4357962	SRUBA KOLA PN DLUGA GLOWKA 28X1,25	POLONEZ/FSO	0	2,43	
0SR4357962/32	4357962/32	SRUBA KOLA PN DO FELG ALUM.32X1,25	POLONEZ/FSO	>30	2,74	
0SR4357962/38	4357962/38	SRUBA KOLA PN DO FELG ALUM.38X1,25	POLONEZ/FSO	>30	2,78	
0SRKMPL	KMPL	SRUBY ZABEZP.PRZED KRADZIEZA PN	POLONEZ/FSO	0	17,40	
0SRKMPL/1	KMPL/1	SRUBY ZABEZP.PRZED KRADZIEZA PN CARO	POLONEZ/FSO	0	19,33	
0SRM12X1,5 VW/A	M12X1,5 VW/A	SRUBA KOLA M12X1,5 VW/AUDI	POLONEZ/FSO	0	2,35	
0SRM12X1,5X28	M12X1,5X28	SRUBA KOLA FELG ALUM.28X1,50 STOZEK	POLONEZ/FSO	>30	2,14	
0SRM12X1,5X28/972	M12X1,5X28/972	SRUBA KOLA-FELGA AL.12X1,5X28/972/KULA	POLONEZ/FSO	20	3,21	
0SRM12X1,5X30/945	M12X1,5X30/945	SRUBA KOLA-FELGA AL.12X1,5X30/945/STOZEK	POLONEZ/FSO	>30	2,81	
0SRM12X1,5X30/972	M12X1,5X30/972	SRUBA KOLA-FELGA AL.12X1,5X30/972/KULA	POLONEZ/FSO	>30	2,98	
0SRM12X1,5X36/945	M12X1,5X36/945	SRUBA KOLA-FELGA AL.12X1,5X36/945/STOZEK	POLONEZ/FSO	>30	3,32	
0SRM12X1,5X38 A	M12X1,5X38 A	SRUBA KOLA DO FELG ALUM.38X1,50	POLONEZ/FSO	0	1,91	
0SRM12X1,5X45/945	M12X1,5X45/945	SRUBA KOLA-FELGA AL.12X1,5X45/945/STOZEK	POLONEZ/FSO	5	3,56	
0SRM12X1,5X45/972	M12X1,5X45/972	SRUBA KOLA-FELGA AL.12X1,5X45/972/KULA	POLONEZ/FSO	14	2,44	
0SRM12X1,5X55/945	M12X1,5X55/945	SRUBA KOLA-FELGA AL.12X1,5X55/945/STOZEK	POLONEZ/FSO	0	1,72	
0SRM12X1,5X55/995	M12X1,5X55/995	SRUBA KOLA-FELGA AL.12X1,5X55/995/KULA	POLONEZ/FSO	0	1,74	
0SRM14X1,5X25 A	M14X1,5X25 A	SRUBA KOLA DO FELG 25X1,50 GOLF III	POLONEZ/FSO	0	1,47	
0SRM14X1,5X35 A	M14X1,5X35 A	SRUBA KOLA DO FELG ALUM.35X1,50 /948/STO	POLONEZ/FSO	6	2,32	
0ST0038935	0038935	STRZEMIE RESORA DLUGIE TRUCK	POLONEZ/FSO	0	27,34	
0ST067216	067216	STACYJKA PN CARO ATU NKPL BEZ BEBENKOW	POLONEZ/FSO	0	110,49	
0ST4160668/2	4160668/2	STRZEMIE RESORA DLUGIE PN-3 PIORA     .	POLONEZ/FSO	0	4,35	45906764377019
0ST4160668/F	4160668/F	STRZEMIE RESORA DLUGIE PN- FABR.BEZ NAKR	POLONEZ/FSO	0	1,61	
0STQ203B	Q203B	STACYJKA PN 126 WLOSKA MAGNETI MARELI	POLONEZ/FSO	0	184,34	
0SW25014	25014	SWORZEN SPREZYNY GAZ.DRZWI TYL PN CARO	POLONEZ/FSO	12	2,91	2000010009282
0SWFE65PS	FE65PS	SWIECA ZAPLONOWA PN ISKRA    .	POLONEZ/FSO	>30	4,76	5903708474102
0SWFE65PS-GAZ	FE65PS-GAZ	SWIECA ZAPLONOWA PN ISKRA-GAZ      ....	POLONEZ/FSO	>30	4,75	5903708276065
0SWFE85PS	FE85PS	SWIECA ZAPLONOWA PN WIELOPUNKTOWY WTRYSK	POLONEZ/FSO	>30	4,45	5903708160173
0SWFE85PS-GAZ	FE85PS-GAZ	SWIECA ZAPLONOWA PN WIELOP.WTRYSK GAZ	POLONEZ/FSO	14	4,31	5903708284060
0SWFE85PTS	FE85PTS	SWIECA ZAPLONOWA PN W.WTR.3 ELKTRODOWA .	POLONEZ/FSO	0	6,72	
0SWSFE65PRS	SFE65PRS	SWIECA ZAPLONOWA PN NIKL.ROV.UNO1,0,PUNT	POLONEZ/FSO	22	6,23	5903708186173
0SWSFE65PRS-GAZ	SFE65PRS-GAZ	SWIECA ZAPLONOWA PN NIKL.ROV.UNO1,0,PUNT	POLONEZ/FSO	1	5,92	5903708297183
0SWSPT	SPT	SWORZEN POLKI TYLNEJ PN CARO 30A	POLONEZ/FSO	0	0,52	
0SY914019017/1	914019017/1	SYGNAL DZWIEKOWY PN CARO JEDNOS./KELMET/	POLONEZ/FSO	19	15,39	5906205219016
0SY914019017/4	914019017/4	SYGNAL DZW.DWUTONOWE/2SZT/FSOIMP	POLONEZ/FSO	7	16,82	5908313414512
0SZ0027629/S	0027629/S	SZKLO LUSTERKA POLONEZ CARO    .........	POLONEZ/FSO	0	4,84	
0SZ0027629/Z	0027629/Z	SZKLO LUSTERKA POLONEZ STD     .........	POLONEZ/FSO	0	4,76	
0SZ0077305/IMP	0077305/IMP	SZKLANKA POPYCH.ZAWOROW PN HYDR.IMPORT	POLONEZ/FSO	0	18,78	
0SZ0295.1.007.1	0295.1.007.1	SZKLO REFLEKTORA CARO PRAWE    .........	POLONEZ/FSO	0	10,01	
0SZ0295.1.007.2	0295.1.007.2	SZKLO REFLEKTORA CARO LEWE     .........	POLONEZ/FSO	0	10,01	
TOM20-05	20-05	SZCZEKI HAM.PN TRUCK	TOMEX KLOCKI,SZCZEKI	0	53,08	5906485554043
TOM20-65	20-65	SZCZEKI HAMULCA PN TYL	TOMEX KLOCKI,SZCZEKI	0	42,59	5906485554647
0SZ2071983	2071983	SZCZOTKI ALTER.PN ST.TYP 8X5X15 KOMPLET!	POLONEZ/FSO	3	7,54	5906764377219
0SZ2429020/1	2429020/1	SZCZOTKOTRZYMACZ ALT.PN N.TYP RZEMIOSL	POLONEZ/FSO	>30	10,57	35906764377180
0SZ4045771	4045771	SZCZOTKA ROZRUSZNIKA PN 7X16X20 ........	POLONEZ/FSO	>30	3,36	45906764377170
0SZ680530	680530	SZCZEKI HAMULCA PN TYL 680530	POLONEZ/FSO	0	33,93	
0SZ689003/2	689003/2	SZCZEKI HAMULCA TRUCK IMP.WLOCHY	POLONEZ/FSO	0	36,54	
0SZ689003U4	689003U4	SZCZEKI HAMULCA TRUCK	POLONEZ/FSO	0	48,85	
0SZ689003U4/1	689003U4/1	SZCZEKI HAMULCA TRUCK KAMPOL K-105	POLONEZ/FSO	0	49,38	590620522005
0SZ9039020/1	9039020/1	SZCZOTKOTRZYMACZ ALT.PN/FSO RZEMIOSLO  .	POLONEZ/FSO	28	10,88	35906764377197
0SZK-103	K-103	SZCZEKI HAMULCA PN TYL KAMPOL........	POLONEZ/FSO	0	35,76	5906205220036
0SZK-104	K-104	SZCZEKI HAMULCA TRUCK LUCAS KAMPOL	POLONEZ/FSO	1	66,56	5906205220043
0TABG2147	BG2147	TARCZA HAM.PN/FIAT UNO DELPHI	POLONEZ/FSO	0	61,00	
0TABS0300	BS0300	TARCZA HAMULCA PN OPTIMAL BS0300=0290	POLONEZ/FSO	0	22,00	
0TAT.012	T.012	TARCZA SPRZEGLA PN STATIM  20.012	POLONEZ/FSO	0	49,88	5907659300381
0TE017102-85	017102-85	TERMOSTAT PN 85 STOPNI PLUS  TV35	POLONEZ/FSO	8	30,45	5902365700111
0TE017102-TV-30	017102-TV-30	TERMOSTAT PN 87 STOPNI MERA BIALYSTOK	POLONEZ/FSO	23	27,27	5902365700098
0TE017102-TV17	017102-TV17	TERMOSTAT PN 82 STOPNIE MERA BIALYSTOK	POLONEZ/FSO	12	31,50	5902365700050
0TE025105	025105	TERMOSTAT FSO MERA BIALYSTOK TV-18 ..	POLONEZ/FSO	>30	19,91	5902365700067
0TE057583	057583	TERMOSTAT FILTRA POWIETRZA PN ABIMEX ...	POLONEZ/FSO	0	43,50	5906205219047
0TL031196	031196	TLUMIK PN TYLNY BRODNICA .........	POLONEZ/FSO	0	21,69	
0TL043658	043658	TLUMIK PN TRUCK CARO + TYLNY FAB.488000	POLONEZ/FSO	0	64,15	
0TL057128	057128	TLUMIK PN TRUCK CARO N.T.TYLNY FABRYKA	POLONEZ/FSO	0	107,24	
0TL058837	058837	TLUMIK PN CARGO TYL FABRYKA...........	POLONEZ/FSO	0	60,90	
0TL064117	064117	TLUMIK PN ATU TYLNY FABRYKA .........	POLONEZ/FSO	0	90,60	
0TL07.03AL	07.03AL	TLUMIK PN SRODKOWY RZEM.ZAST.20.01	POLONEZ/FSO	0	33,61	
0TL20.01AL	20.01AL	TLUMIK PN SRODKOWY RZEM.ALU.07.03	POLONEZ/FSO	0	20,12	
0TL20.02AL	20.02AL	TLUMIK PN TYLNY RZEMIOSLO ALU.	POLONEZ/FSO	0	19,08	20.02AL
0TL20.03AL	20.03AL	TLUMIK PN TRUCK SRODKOWY RZEM. ALU.	POLONEZ/FSO	0	33,61	
0TL20.05AL	20.05AL	TLUMIK PN CARO I PLASKI RZEM. ALU.	POLONEZ/FSO	0	33,61	
0TL20.06AL	20.06AL	TLUMIK PN CARO SRODKOWY RZEM. ALU.	POLONEZ/FSO	0	33,61	
0TL20.08AL	20.08AL	TLUMIK PN TRUCK CARO N.T.TYL KR.RUR.ALUM	POLONEZ/FSO	0	67,22	20.08AL
0TL20.09AL	20.09AL	TLUMIK PN CARGO 95-99 TYL PLOCIENNIK ALU	POLONEZ/FSO	0	63,72	
0TL20.11AL	20.11AL	TLUMIK PN CARO/ATU  TYL RZEM. ALU.	POLONEZ/FSO	0	67,22	
PLO20.12AL	20.12AL	TLUMIK PN TRUCK CARO TYL DL.RURA RZEM!!!	POLMOSTROW UKLAD WYDECHOWY	0	83,70	852012
0TL20.13AL	20.13AL	TLUMIK PN TRUCK CARO+ TYL N.TYP ALU.	POLONEZ/FSO	0	67,22	20.13AL
0TR061912	061912	TROJNIK HAMULCA PN LUCAS 10X1 SF	POLONEZ/FSO	23	19,45	5908243299500
0TR201000200	201000200	TROJNIK SPRYSKIWACZA PN,FSO,126P	POLONEZ/FSO	0	1,04	
0TR230300200	230300200	TROJNIK SPRYSKIWACZA PN CARO   .........	POLONEZ/FSO	0	1,04	
0TR4077589	4077589	TROJNIK HAMULCA PN,FSO,126P 10X1,25	POLONEZ/FSO	10	19,45	5908243299517
0TU0063200/1	0063200/1	TULEJKA WSPORNIKA UK£.KIEROWNICZEGO FSO/	POLONEZ/FSO	0	2,18	
0TU10424	10424	TULEJKA NAPR.GWINTU SWIECY  PN ....	POLONEZ/FSO	0	27,34	2000000054513
0TU2010003000	2010003000	TULEJKA SPRYSK.SZYBY 125P PN   .........	POLONEZ/FSO	0	0,70	
0TU4044416	4044416	TULEJKA WAHACZA DOLNEGO PN RADCAR.......	POLONEZ/FSO	0	7,63	5907555360243
0TU4047985/1	4047985/1	TULEJKI ROZRUSZNIKA PN NADWYM. KPL./2SZT	POLONEZ/FSO	0	2,79	
0TU4055976	4055976	TULEJA WAHACZA GORNEGO KROTKA PN   PRZOD	POLONEZ/FSO	18	14,82	
0TU4060019	4060019	TULEJA WAHACZA GORNEGO DLUGA PN.   TYLNA	POLONEZ/FSO	10	14,36	
0TU4077798	4077798	TULEJA RESORA DLUGA-CIENKA PN RADCAR	POLONEZ/FSO	0	11,57	5907555360205
0TU4125496	4125496	TULEJKA DRAZKA REAKCYJ.PRZOD PN METALOWA	POLONEZ/FSO	0	5,68	
0TU4163764/1	4163764/1	TULEJKA DRAZKA REAKCYJNEGO TYL PN RADCAR	POLONEZ/FSO	0	10,02	5907555360274
0TU4177661/1	4177661/1	TULEJA RESORA GRUBA PN RADCAR.....	POLONEZ/FSO	0	17,98	5907555360212
0TU4242336	4242336	TULEJKA ROZPREZNA TYLNEGO MOSTU PN ....	POLONEZ/FSO	0	17,40	
0TU814677/1	814677/1	TULEJKA AMORTYZATORA STOZKOWA RZEMIOSLO	POLONEZ/FSO	>30	1,45	5906365393694
0TU836212	836212	TULEJA LACZNIKA DRAZKA STABIL.PN........	POLONEZ/FSO	0	3,39	
0TUZ-1607	Z-1607	TULEJKA ELASTYCZNA LEW.PN-STOZKOWA .....	POLONEZ/FSO	0	0,57	
0US003456/1	003456/1	USZCZELKA GLOWICY 1300 RZEMIOSLO........	POLONEZ/FSO	0	12,38	5901874263001
0US003457	003457	USZCZELKA GLOWICY FSO 1500 FABRYCZNA.	POLONEZ/FSO	0	34,68	
0US0065133/1	0065133/1	USZCZELKA OBUDOWY URZAD.WTR.PN GSI RZEM!	POLONEZ/FSO	10	2,39	5901874260031
0US032861/S	032861/S	USZCZELKA GLOWICY PN 1600 SCIEZKA SILKON	POLONEZ/FSO	1	39,44	5901874263063
0US051579	051579	USZCZELKA URZADZENIA WTR.PN MR ABIMEX...	POLONEZ/FSO	0	1,54	5901874260000
0US051590/1	051590/1	USZCZELKA FILTRA POWIET.DOL.WTRYSK ABIM	POLONEZ/FSO	10	1,28	5901874260048
0US051591/1	051591/1	USZCZELKA FILTRA POW.PN ABIM. 2-OTWORY	POLONEZ/FSO	5	2,54	5901874260024
0US052101	052101	USZCZELKA GLOWICY PN 1600 MORPAK	POLONEZ/FSO	7	48,95	
0US053612	053612	USZCZELKA RURA-TLUMIK PN CARO...........	POLONEZ/FSO	11	2,41	5901874263162
0US054247/1	054247/1	USZCZELKA KOL.WYD.-RURA PN DIES.-RZEM!!!	POLONEZ/FSO	0	1,48	5901874260260
0US055102/1	055102/1	USZCZELKA KOLEK.WYD.PN DIES.- RZEMIOSLO!	POLONEZ/FSO	7	1,70	5901874260420
0US055108/03-9940	055108/03-9940	USZCZELKA POKRYWY ZAWO.PN DIESEL RZEM!!!	POLONEZ/FSO	0	6,09	5901874260390
0US056945	056945	USZCZELKA GLOWICY PN 1600 GOETZE!!  ...	POLONEZ/FSO	0	48,71	
0US060176	060176	USZCZELKA RURA-TLUMIK PN ROVER .........	POLONEZ/FSO	4	1,74	5901874260284
0US060561	060561	USZCZELKA P-PY PALIWA PN WTRYSK/ROVER ..	POLONEZ/FSO	0	18,36	
0US065500/1	065500/1	USZCZELKA URZADZENIA WTR.BOSCH  RZEM!!!!	POLONEZ/FSO	0	1,09	5901874260017
0US065502/1	065502/1	USZCZELKA FIL.POW.PN BOSCH 3-OTW.NA SRUB	POLONEZ/FSO	5	2,01	5901874260055
0US076442	076442	USZCZELKA KOLEK.SSACEGO PN MPI /W.WTRYSK	POLONEZ/FSO	0	9,25	2600350420374
0US10157	10157	USZCZELKA MIARKI OLEJU PN      .........	POLONEZ/FSO	17	0,58	5906365393670
0US12010689	12010689	USZCZELNIACZ PRZOD SILN.PN CORTECO10689	POLONEZ/FSO	0	4,87	3358960106896
0US12014265	12014265	USZCZELNIACZ ZAWOROW PN CORTECO ........	POLONEZ/FSO	0	6,35	3358960142658
0US4025564M1300	4025564M1300	USZCZELKA GUMOWA MISY POLKSIEZYC FSO PN.	POLONEZ/FSO	0	1,17	
0US4025572	4025572	USZCZELKA POKRYWY ROZRZADU PN ..........	POLONEZ/FSO	5	1,20	5901874263087
0US4025574	4025574	USZCZELKA TYLNEJ OPRAWY WALU PN  .......	POLONEZ/FSO	3	1,07	5901874263407
0US4025578	4025578	USZCZELKA ODPOWIETRZNIKA SILNIKA FSO  ..	POLONEZ/FSO	3	0,94	5901874263476
0US4025775	4025775	USZCZELKA POD POMPE WODY FSO   .........	POLONEZ/FSO	20	0,90	5901874263179
0US4025776	4025776	USZCZELKA DO P-PY WODY FSO     .........	POLONEZ/FSO	4	1,00	5901874263193
0US4025778	4025778	USZCZELKA OBUDOWY TERMOSTATU PN/ FSO	POLONEZ/FSO	28	0,65	5901874263216
0US4026063	4026063	USZCZELKA POD PRZEWOD P-PY OLEJU FSO ...	POLONEZ/FSO	26	0,10	
0US4026077	4026077	USZCZELKA P-PY OLEJU FSO       .........	POLONEZ/FSO	0	0,23	
0US4027727/1	4027727/1	USZCZELKA MISY KRZYWA PN RZEMIOSLO......	POLONEZ/FSO	0	0,75	
0US4027732/1	4027732/1	USZCZELKA POKR.ZAWOROW PN RZEMIOSLO	POLONEZ/FSO	>30	5,37	5901874263070
0US4027732MORPAK	4027732MORPAK	USZCZELKA POKR.ZAWOROW PN MORPAK	POLONEZ/FSO	6	5,91	
0US4048117	4048117	USZCZELKA POKRYWY ALUM.GAZNIKA PN/FSO...	POLONEZ/FSO	0	0,40	5901874263254
0US4056225	4056225	USZCZELKA POD BLACHE WODZIKA.  .........	POLONEZ/FSO	0	0,16	
0US4061096	4061096	USZCZELKA RURY PODWOJNEJ FSO       ....	POLONEZ/FSO	5	2,46	5901874263148
0US4072291/2	4072291/2	USZCZELKI KOLEKTORA WYD.PN KOMPLET	POLONEZ/FSO	14	5,76	5901874263124
0US4076865	4076865	USZCZELKA POD APARAT ZAPLONOWY OKRAGLAPN	POLONEZ/FSO	0	0,37	5901874263285
0US4081257	4081257	USZCZELKA P-PY PALIWA 1.2     .........	POLONEZ/FSO	20	0,58	5901874261182
0US4081258	4081258	USZCZELKA P-PY PALIWA 0,7 P20	POLONEZ/FSO	>30	0,54	5901874261175
0US4089702	4089702	USZCZELKA POKRYWY TERMOST FSO  .........	POLONEZ/FSO	10	0,70	5901874263223
0US4127665/70	4127665/70	USZCZELKI KOLEKTORA SSACEGO PN KOMPLET	POLONEZ/FSO	28	2,61	5901874260130
0US4127681	4127681	USZCZELKA POD GAZNIK FSO,PN    .........	POLONEZ/FSO	7	0,80	5901874263278
0US4143730	4143730	USZCZELKA P-PY PALIWA 0,3 P 20 ........	POLONEZ/FSO	>30	0,54	5901874261168
0US4158122/1	4158122/1	USZCZELKA BAGAZNIKA FSO RZEMIOSLO	POLONEZ/FSO	0	8,27	
0US4321343	4321343	USZCZELKA MOSTU KWADRATOWEGO PN	POLONEZ/FSO	13	2,80	5901874263391
0US4355845	4355845	USZCZELKA POKRYWY TERMOSTATU PN   ......	POLONEZ/FSO	16	0,76	5901874263230
0US4356769	4356769	USZCZELKA GORNEJ POKR.SK.BIEGOW PN......	POLONEZ/FSO	>30	0,35	
0US4357476	4357476	USZCZELKA DO P-PY WODY PN      .........	POLONEZ/FSO	6	1,02	5901874263209
0US4357719	4357719	USZCZELKA POD POMPE WODY PN    .........	POLONEZ/FSO	9	0,90	5901874263186
0US4377269	4377269	USZCZELKA GLOW.PN 1500 FABRYCZNA GRAFITO	POLONEZ/FSO	2	46,43	
0US4377269/S	4377269/S	USZCZELKA GLOW.PN 1500 SILIC.RZEMIOSLO.	POLONEZ/FSO	0	19,14	5901874263049
0US4381881	4381881	USZCZELKA WSPORNIKA FILTRA OLEJU.PN.....	POLONEZ/FSO	5	1,14	5901874263353
0US811134	811134	USZCZELKA POD NAPED SZYBKOSCIOMIERZA PN.	POLONEZ/FSO	0	0,22	5901874261243
0US99147746	99147746	USZCZELKA DO GAZNIKA-KOMOR.PLYWAKA PN...	POLONEZ/FSO	0	1,07	5901874263261
0UST-11A/1	T-11A/1	USZCZELKA BAGAZNIKA PN CARO STOMIL SANOK	POLONEZ/FSO	0	33,50	
0UST-11A/6	T-11A/6	USZCZELKA BAGAZNIKA CARO T-11A/6 SAN.25M	POLONEZ/FSO	1	259,84	
0USUK47	UK47	USZCZELKA RURY PODWOJNEJ PN        .....	POLONEZ/FSO	10	2,28	5901874263155
0USZ-1397	Z-1397	USZCZELKA ZAWORU NAGRZEWNICY   .........	POLONEZ/FSO	0	0,87	
0USZ-3641/4	Z-3641/4	USZCZELKA MISY OLEJU PN RZEM!!!-GUM.KPL	POLONEZ/FSO	5	12,25	5901874263117
0WA057227	057227	WALEK POSREDNI CARO 94 3 KROPK .........	POLONEZ/FSO	1	138,17	
0WI0053611	0053611	WIESZAK TLUMIKA ZAMIENNIK FIS873-920	POLONEZ/FSO	0	2,04	5905133219235
0WI0053611G	0053611G	WIESZAK TLUMIKA SROD.PN CARO 2OTW.GUMEX!	POLONEZ/FSO	0	1,77	5907595780391
0WI053615	053615	WIESZAK TLUMIKA TYL PN CARO 4 OTW.RZEMI.	POLONEZ/FSO	0	1,17	
0WI4050791	4050791	WIDELKI ZAMKA WLEWU PALIWA PN ......	POLONEZ/FSO	13	4,58	
0WI4112293/1	4112293/1	WIESZAK TLUMIKA TYL PN/FSO RZEMIOSLO.	POLONEZ/FSO	0	1,34	9000000247024
0WI4126729	4126729	WIESZAK TLUMIKA SROD.Z HACZYKAMI RZEM.PN	POLONEZ/FSO	0	3,73	
0WI4386886	4386886	WIESZAK RESORA PN FABRYCZNY  .........	POLONEZ/FSO	0	3,48	
0WK4135445	4135445	WKLAD LINKI SZYBKOSCIOMIERZA FSO PN	POLONEZ/FSO	>30	2,58	
0WKRE025.07	RE025.07	WKLAD REFLEKTORA PN MIJANIA WESEM ZWYKLY	POLONEZ/FSO	1	43,74	5905445025074
0WKRE026.07	RE026.07	WKLAD REFLEKTORA PN DLUGI WESEM ZWYKLY	POLONEZ/FSO	0	39,04	5905445026071
0WKRE027.07H4	RE027.07H4	WKLAD REFLEKTORA PN MIJANIA H4 WESEM	POLONEZ/FSO	4	44,79	5905445027078
0WKRE028.07H4	RE028.07H4	WKLAD REFLEKTORA PN DLUGI H4 WESEM	POLONEZ/FSO	11	41,78	5905445028075
MOT16WUK02	16WUK02	WSPORNIK KIEROWNICZY PN LUKAS MOTOTECHN	MOTOTECHNIKA	29	84,54	5906031420464
0WS4202472	4202472	WSPORNIK ZACISKU H-CA PN,FSO FABRYCZNY.	POLONEZ/FSO	0	22,99	
MOT16WUK01	16WUK01	WSPORNIK KIER.PN 16WUK01 RZEM BIELSKO	MOTOTECHNIKA	29	69,62	5906031420440
0WS43802833	43802833	WSPORNIK AMORTYZATORA TYL PN          .	POLONEZ/FSO	0	5,57	
0WY0033347/1	0033347/1	WYLACZNIK SW.GLOW.PN S.TYP WAT .......	POLONEZ/FSO	7	9,94	
0WY077405	077405	WYLACZNIK WYC.SZ.TYL I SPR.PLUS-APE11 Z	POLONEZ/FSO	0	31,77	
0WY10427/3	10427/3	WYLACZNIK KRANC.ALAR.METAL.DLUGI........	POLONEZ/FSO	0	5,78	
0WY451.00.00	451.00.00	WYLACZNIK SW.GLOWNYCH PN CARO BURSZTYN .	POLONEZ/FSO	3	16,98	
0WY511.00.00	511.00.00	WYLACZNIK SWIATEL GLOWNYCH PN ST.T.FABR.	POLONEZ/FSO	13	11,41	
0WY512.00.00	512.00.00	WYLACZNIK DMUCHAWY PN SZEROKI	POLONEZ/FSO	0	11,81	
0WY5626400/1	5626400/1	WYLACZNIK SWIATLA COF.V PN RZEMIOSLO	POLONEZ/FSO	11	25,85	
0WY56264392/1	56264392/1	WYLACZNIK SWIATLA COFANIA PN PLUS RZEM!!	POLONEZ/FSO	3	50,96	
0WYAPE10/B	APE10/B	WYLACZNIK DMUCH. 4 SK. CARO OPOLE 062961	POLONEZ/FSO	0	49,17	
0WYH-166-1	H-166-1	WYLACZNIK DMUCH.PLYNNY CARO HYBR.058514	POLONEZ/FSO	0	20,98	
0WZ0062792	0062792	WZMOCNIENIE BLOT.TYL PN ATU PR .........	POLONEZ/FSO	0	69,60	
0ZA034923	034923	ZASLEPKA WALKA ROZRZADU 55  PN .........	POLONEZ/FSO	0	1,96	
0ZA040023/1	040023/1	ZAPALNICZKA PN FSO RZEMIOSLO KOMPLETNA .	POLONEZ/FSO	10	6,01	5901225422705
0ZA040023/3	040023/3	ZAPALNICZKA PN FSO PODSWIETL.KPL.42269	POLONEZ/FSO	9	8,53	
0ZA041495/AL	041495/AL	ZAMEK BURTY TYLNEJ TR.ZB-01A ALUM.SZER	POLONEZ/FSO	15	24,27	5907803304029
0ZA041495/ZB	041495/ZB	ZAMEK BURTY TYLNEJ TRU.ZB-01 /DRUT/...	POLONEZ/FSO	30	19,71	5907803304012
0ZA054427/1	054427/1	ZACZEP POLKI PN PRAWY KROTKI RZEMIOSLO..	POLONEZ/FSO	0	0,17	
0ZA058169/1	058169/1	ZAWOR NAGRZEWNICY PN N.T MR93 RZEMIOSLO	POLONEZ/FSO	0	25,60	
0ZA10886	10886	ZAMEK BAGAZNIKA FIAT 125P KOMBI/PN CARGO	POLONEZ/FSO	0	68,36	
0ZA1170664	1170664	ZABEZPIECZENIE CIEG.MECH.WYC.DUZE PN	POLONEZ/FSO	0	4,87	
0ZA14196170	14196170	ZAMEK ZAWOROW FSO              .........	POLONEZ/FSO	>30	0,11	
0ZA4089698	4089698	ZABEZPIECZ KOLA FILTR.ODSR.FSO	POLONEZ/FSO	0	0,24	
0ZA4169535	4169535	ZAMEK WLEWU PALIWA PN          .........	POLONEZ/FSO	7	24,90	
0ZA4329801	4329801	ZASLEPKA BLOKU MALA/32/.................	POLONEZ/FSO	0	1,31	
0ZA4370662/1	4370662/1	ZACZEP POLKI PN N.TYP SROD 29C .........	POLONEZ/FSO	0	0,30	5905907951491
0ZA507175-1	507175-1	ZAWOR IGLICOWY ZWYKLY PN FABR.	POLONEZ/FSO	0	7,60	
0ZAZ-01	Z-01	ZAPINACZ BURTY WASKI     .........	POLONEZ/FSO	20	3,40	5907803305019
0ZAZ-01A	Z-01A	ZAPINACZ BURTY SZEROKI   .........	POLONEZ/FSO	15	7,52	5907803305026
0ZAZB-01+Z-01	ZB-01+Z-01	ZACZEP Z ZAPINACZEM BURTY /ZESTAW/2+2	POLONEZ/FSO	18	45,16	5907803306016
0ZAZBBTP	ZBBTP	ZAWIAS BURTY BOCZNEJ TRUCK PLUS........	POLONEZ/FSO	0	19,58	
0ZB0062570/1	0062570/1	ZBIORNIK PAL.TRUCK WTRYSK JAZGARZEW..	POLONEZ/FSO	0	199,23	MTRL000010
0ZB011272/1	011272/1	ZBIORNIK PAL.FSO N.T. JAZGARZEW......	POLONEZ/FSO	0	110,49	MTRL000006
0ZB051617	051617	ZBIORNIK PAL.PN ABIMEX M.P-PA JAZGARZEW	POLONEZ/FSO	0	118,32	
0ZB053470/1	053470/1	ZBIORNIK PAL.PN CARO  JAZGARZEW......	POLONEZ/FSO	0	118,32	
0ZB060079/1	060079/1	ZBIORNIK PAL.PN WTR.DUZA P-PA+PRZEL.JAZG	POLONEZ/FSO	0	118,32	MTRL000008
0ZB062570/1	062570/1	ZBIORNIK PAL.TRUCK JAZGARZEW GAZ/DIESEL	POLONEZ/FSO	0	161,00	
0ZB063648/1	063648/1	ZBIORNIK PAL.PN ATU-B/PRZEL.SPI JAZGARZ	POLONEZ/FSO	0	118,32	063648/MR
0ZB066232/1	066232/1	ZBIORNIK PAL.PN ATU PLUS-Z PRZEL.GSI-JAZ	POLONEZ/FSO	0	118,32	
0ZB077017	077017	ZBIORNIK PAL.PN CARO PLUS B/PRZEL.JAZGAR	POLONEZ/FSO	0	104,40	MTRL000009
0ZB146.00.00	146.00.00	ZBIORNIK WYROW.CHLODNICY MR 93 Z KORKIEM	POLONEZ/FSO	0	46,34	
0ZB201200013	201200013	ZBIORNIK SPRYSKIWACZA Z POMPKA PN   ....	POLONEZ/FSO	0	41,41	
0ZB235020000	235020000	ZBIORNIK SPRYSKIWACZY ST.TYP FSO ZUK   .	POLONEZ/FSO	0	15,48	
0ZB4253852/1	4253852/1	ZBIORNIK PAL.FSO  JAZGARZEW..........	POLONEZ/FSO	0	118,32	MTRL000007
0ZB4368006/1	4368006/1	ZBIORNIK PAL. PN  JAZGARZEW .........	POLONEZ/FSO	0	104,40	
0ZE0063580/1	0063580/1	ZESTAW H-CA PRZOD-GUMKI PN LUCAS RZEMIOS	POLONEZ/FSO	0	4,64	
MOT16ZWUK01	16ZWUK01	ZESTAW NAPR.WSPOR.UKL.KIER.FSO 16ZWUK01	MOTOTECHNIKA	14	36,47	5906031420471
0ZE03-590	03-590	ZESTAW USZ.SIL.PN B/U.GLOW.+U.MISY GUMOW	POLONEZ/FSO	2	27,10	5901874260079
0ZE03-64	03-64	ZESTAW USZCZ.SIL.PN 1.5 Z USZCZ.RZEM!!!!	POLONEZ/FSO	0	79,44	5901874263643
0ZE03-65	03-65	ZESTAW USZCZ.SIL.PN 1.6 Z USZCZ.RZEM!!!!	POLONEZ/FSO	5	82,12	5901874263650
0ZE03-69	03-69	ZESTAW USZCZ.MISY OL. PN  ST!!! RZEM!!	POLONEZ/FSO	5	6,63	5901874263698
0ZE03-72	03-72	ZESTAW USZ.GAZ.+P.PAL.+AP.ZAP.FSO/PN....	POLONEZ/FSO	13	4,68	5901874263728
0ZE030042	030042	ZESTAW ZACISKU H-CA PRZOD LUCAS Z TLOKIE	POLONEZ/FSO	0	16,97	
0ZE063589/1	063589/1	ZESTAW SPREZ.SZCZ.H-CA PN LUC./0319/RZEM	POLONEZ/FSO	19	6,84	5907555340528
0ZE063590/1	063590/1	ZESTAW MOC.SZCZEK LUCAS /0319E/ GWOZDZIE	POLONEZ/FSO	26	6,31	5907555340498
0ZE10250-02	10250-02	ZESTAW NAPRAWCZY P-PY PALIWA AKOR!! ...	POLONEZ/FSO	>30	28,86	5908213901228
0ZE1900057/1	1900057/1	ZESTAW ZACISKU H-CA P.Z TLOKIEM PN RZEMO	POLONEZ/FSO	0	13,49	
0ZE1900058/1	1900058/1	ZESTAW H-CA PRZOD GUMKI PN RZEMIOSLO	POLONEZ/FSO	0	4,06	
0ZE1900058/2	1900058/2	ZESTAW H-CA PRZOD GUMKI INCO PN/FSO	POLONEZ/FSO	0	6,96	
0ZE1900332/1	1900332/1	ZESTAW ZACISKU H-CA TYL Z TLOKIEMPN RZEM	POLONEZ/FSO	0	14,53	
0ZE1900333/1	1900333/1	ZESTAW H-CA PN TYL GUMKI RZEMIOSLO....	POLONEZ/FSO	0	4,06	
0ZEBC87	BC87	ZESTAW USZCZ.SIL.PN 1.6 Z USZCZ.CORTECO.	POLONEZ/FSO	2	82,92	5901874263766
0ZEF136/S	F136/S	ZESTAW USZCZELEK POMPY H-CA PN FABRYCZNY	POLONEZ/FSO	0	10,44	
0ZEH-034	H-034	ZESTAW USZCZELEK POMPY H-CA PN RZEMIOSLO	POLONEZ/FSO	0	4,06	
0ZEH-034/1	H-034/1	ZESTAW USZCZELEK P-PY SPRZ.I WYSPRZ FSO	POLONEZ/FSO	0	4,06	
0ZEMAR3011/1	MAR3011/1	ZESTAW PIASTY PRZOD PN LEWY	POLONEZ/FSO	0	13,05	
0ZEMAR3012/1	MAR3012/1	ZESTAW PIASTY PRZOD PN PRAWY	POLONEZ/FSO	0	13,05	
0ZEMAR3013/1	MAR3013/1	ZESTAW POLOSI PN /ZABEZP+USZ	POLONEZ/FSO	0	12,19	
0ZEMAR3019/1	MAR3019/1	ZESTAW POLOSI NAP.PN TRUCK STD	POLONEZ/FSO	0	39,35	
0ZEMAR3019/1-TIMKEN	MAR3019/1-TIMKEN	ZESTAW POLOSI NAP.TRUCK LUCAS -TIMKEN!!!	POLONEZ/FSO	0	53,56	
0ZEMAR3019/1/L	MAR3019/1/L	ZESTAW POLOSI NAP.PN TRUCK LUCAS	POLONEZ/FSO	0	41,60	
0ZEMAR3019/L	MAR3019/L	ZESTAW POLOSI NAP.TRUCK LUCAS TIMKEN	POLONEZ/FSO	0	79,92	
0ZENZ38	NZ38	ZESTAW TULEJEK DO LEWARKA PN FABRYKA	POLONEZ/FSO	0	10,44	
0ZENZ3A	NZ3A	ZESTAW USZ.SIL.PN - BEZ GLOW.03-59	POLONEZ/FSO	0	19,26	5901874263599
0ZEPO0047/1	PO0047/1	ZESTAW MOC.SZCZEK TRUCK RZEMIOSLO	POLONEZ/FSO	10	2,97	05906764370043
0ZES-230	S-230	ZESTAW USZCZELEK SKRZYNI PN	POLONEZ/FSO	16	7,96	5901874263704
0ZEW-232	W-232	ZESTAW USZCZELEK GAZNIKA PN	POLONEZ/FSO	8	3,88	5901874260086
0ZEZN-16	ZN-16	ZESTAW NAPR.ROZRUSZNIKA FSO DUZY	POLONEZ/FSO	0	12,40	
1AMA002	A002	->STAA.002 AMORTYZATOR 126 TYL	STATIM	0	39,29	5907659310496
1AMD2251036	D2251036	AMORTYZATOR 126 PRZOD KROSNO KOMPLETNY	FIAT 126P	0	44,67	3285330033448
1AU914001/2	914001/2	AUTOMAT ROZRUSZNIKA 126 FL KOMAX WE203	FIAT 126P	0	70,86	5907540300087
1AU914001/WISMOT	914001/WISMOT	AUTOMAT ROZRUSZNIKA 126 FL WISMOT	FIAT 126P	8	80,79	
1AUE002	E002	AUTOMAT ROZRUSZNIKA 126 FL STATIM	STATIM	0	36,44	5907659302484
1BE130200000000	130200000000	BEBENEK ZAMKA 126P 1 SZTUKA FABRYKA	FIAT 126P	1	11,19	
1BE130300000000	130300000000	BEBENEK ZAMKA 126P 2 SZTUKI FABRYKA	FIAT 126P	0	27,39	
1BE1744000/RZEM	1744000/RZEM	BEBENEK KORKA WL.PAL.EL/CQN/UNO RZEMIOSL	FIAT 126P	0	9,48	
1BE174400000000	174400000000	BEBENEK KORKA WL.PAL.EL/CQN/UNO FABRYKA	FIAT 126P	3	19,14	
1BE178300000000	178300000000	BEBENEK ZAMKA 126P-1 SZT.EL!! FABRYKA	FIAT 126P	3	19,94	AB6564
1BE178400000000	178400000000	BEBENEK ZAMKA 126P-2 SZT.EL!! FABRYKA	FIAT 126P	1	30,79	
1BE178500000000	178500000000	BEBENEK ZAMKA 126P-3 SZT.EL!! FABRYKA	FIAT 126P	5	37,48	
1BE178600000000	178600000000	BEBENEK ZAMKA 126P-4 SZT.EL!! FABRYKA	FIAT 126P	4	53,54	AB6486
1BE4247765/1	4247765/1	BEBENEK ZAMKA 126P 1 SZTUKA RZEMIOSLO	FIAT 126P	1	12,45	
1BE4321068	4321068	BELKA RESORA 126P TURAS	FIAT 126P	2	37,48	
1BE4321068/1	4321068/1	BELKA POPRZECZNA PODLOGI 126P	FIAT 126P	2	39,85	
1BE4379680/2	4379680/2	BEBEN HAM. 126 FL N.TYP QAP05603	FIAT 126P	0	30,45	5901386402912
1BE46575626/III	46575626/III	BEBENEK ZAMKA 126P-3 SZTUKI RZEMIOSLO	FIAT 126P	13	31,99	
1BE46575626/IV	46575626/IV	BEBENEK ZAMKA 126P-4 SZTUKI RZEMIOSLO	FIAT 126P	13	42,83	
1BE5886745/1	5886745/1	BEBENEK ZAMKA 126P-2 SZTUKI RZEMIOSLO	FIAT 126P	4	22,22	
1BE7532555/1	7532555/1	BELKA TYLNA 126P SWIDWIN RZEMIOSLO	FIAT 126P	3	181,37	
1BE7672577/F	7672577/F	BEBEN HAMULCOWY 126 FL,CNQ/SEI/UNO FABRY	FIAT 126P	0	43,50	
1BE8097002/1	8097002/1	BENDIX ROZRUSZNIKA 126 FL RZEM.WZMOCN.	FIAT 126P	0	34,80	
1BE945	945	BEZPIECZNIK SZYBY OGRZEWANEJ 126P	FIAT 126P	0	4,71	
1BEB002	B002	BENDIX ROZRUSZNIKA 126 FL STATIM	STATIM	0	18,81	5907659302330
1BL1-1-21	1-1-21	BLACHA PODLOGI 126P CALA KPL Z PODLUZNIC	FIAT 126P	3	540,75	
1BL1-5-1	1-5-1	BLACHA PODLOGI 126P LEWA	FIAT 126P	2	153,93	
1BL1-5-2	1-5-2	BLACHA PODLOGI 126P PRAWA	FIAT 126P	2	153,93	
1BL46576774/3	46576774/3	BLOTNIK 126 EL PRZOD PRAWY RZEMIOSLO	FIAT 126P	10	109,76	5901532058222
1BL46576775/3	46576775/3	BLOTNIK 126 EL PRZOD LEWY RZEMIOSLO	FIAT 126P	10	109,76	5901532058161
1BL7537296/1	7537296/1	BLOTNIK 126 FL PRZOD PRAWY RZEMIOSLO	FIAT 126P	15	109,76	
1BL7537297/1	7537297/1	BLOTNIK 126 FL PRZOD LEWY RZEMIOSLO	FIAT 126P	9	109,76	
1BL7550512	7550512	BLOTNIK 126 EL TYLNY PRAWY SREDNI	FIAT 126P	1	118,08	
1BLTSL	TSL	BLOTNIK 126 FL TYLNY LEWY SREDNI	FIAT 126P	2	120,56	
1BLTSP	TSP	BLOTNIK 126 FL TYLNY PRAWY SREDNI	FIAT 126P	2	120,56	
1CE5999892	5999892	CEWKA ZAPLONOWA 126 FL TRANSF.ODNOWIONA	FIAT 126P	0	42,26	
1CE7692473	7692473	CEWKA ZAPLONOWA 126 EL,CQ BIAZ46790073.	FIAT 126P	0	38,57	
1CEBAE800B	BAE800B	CEWKA ZAPLONOWA 126 EL,CQ TRANS.M.MA.BAE	FIAT 126P	0	95,67	8001063123004
1CHM-1748/L/R	M-1748/L/R	CHLAPACZ TYLNY 126P"L"RZEMIOSLO GUMOWY	FIAT 126P	>30	6,32	5906365393458
1CHM-1748/P/R	M-1748/P/R	CHLAPACZ TYLNY 126P"P"RZEMIOSLO GUMOWY	FIAT 126P	28	6,32	5906365393465
1CHM-1749/L/R	M-1749/L/R	CHLAPACZ PRZOD 126P"L"RZEMIOSLO GUMOWY	FIAT 126P	15	6,32	5906365393472
1CHM-1749/P/R	M-1749/P/R	CHLAPACZ PRZOD 126P"P"RZEMIOSLO GUMOWY	FIAT 126P	24	6,32	5906365393489
DELLW70003	LW70003	CYLINDEREK HAM.126 STD PRZOD DELPHI	DELPHI HYDRAULIKA HAMULCOWA SPRZEGLOWA	13	10,66	5012759703472
DELLW70004	LW70004	CYLINDEREK HAM.126 FL PRZOD DELPHI.TRUC	DELPHI HYDRAULIKA HAMULCOWA SPRZEGLOWA	>30	10,16	5012759703489
DELLW70005	LW70005	CYLINDEREK HAM.126 STD TYL DELPHI	DELPHI HYDRAULIKA HAMULCOWA SPRZEGLOWA	28	10,66	5012759703496
DELLW70006	LW70006	CYLINDEREK HAM.126 FL TYL DELPHI	DELPHI HYDRAULIKA HAMULCOWA SPRZEGLOWA	>30	9,93	5012759703502
1DO436.16.D	436.16.D	DOCISK SPRZEGLA 126P STATIM->STA436.16.D	STATIM	0	45,56	5907659301029
MOT08DB01	08DB01	DRAZEK ZEWNETRZNY 126P 08DB01 KOMPLET	MOTOTECHNIKA	>30	51,39	5906031420013
MOT08DS01	08DS01	DRAZEK SRODKOWY 126P 08DS01 RZEMIOSLO	MOTOTECHNIKA	>30	49,73	5906031420099
1DYM-1733	M-1733	DYWANIK PRZOD PRAWY 126P STOMIL CZARNY	FIAT 126P	0	5,66	
1DZ4247766	4247766	DZWIGNIA BEBENKA 126P PRAWA	FIAT 126P	0	2,55	
1DZ4247767	4247767	DZWIGNIA BEBENKA 126P LEWA	FIAT 126P	0	2,55	
1DZ80971810/1	80971810/1	DZWIGNIA ROZRUSZNIKA 126P FL RZEMIOSLO	FIAT 126P	15	2,90	5903116342277
1EL589.00.51	589.00.51	ELEKTROWENTYLATOR 126 FL FABRYCZN7532147	FIAT 126P	0	136,35	
1EME-14	E-14	EMBLEMAT MADE BY FSM FIAT LICENCE NIEBIE	FIAT 126P	0	4,51	
1EME-21	E-21	EMBLEMAT 126 EL PRZOD MALY /BELKI SKOS/	FIAT 126P	0	5,64	5906031870214
1FI46577421	46577421	FILTR PALIWA 126P MICRON 6-8 Z UCHWYTEM	FIAT 126P	0	3,35	
1FIWA20-75	WA20-75	FILTR POWIETRZA 126P-WKLAD FAP 7547283	FIAT 126P	0	7,40	5902442450182
1GL20001336/1	20001336/1	GLOWICA P-PY PALIWA 126P RZEMIOSLO	FIAT 126P	0	10,90	5908213901020
1IZ4273070/1	4273070/1	IZOLATOR GAZNIKA 126P RZEMIOSLO.	FIAT 126P	9	40,60	5907565644234
1IZ7541254	7541254	IZOLATOR P-PY PALIWA 126 FL	FIAT 126P	0	31,08	
1IZ7541254/1	7541254/1	IZOLATOR P-PY PALIWA 126 FL RZEMIOSLO.	FIAT 126P	18	46,85	5907565644166
1KL13002878	13002878	KLIN ALTERNATORA 126	FIAT 126P	0	0,70	
1KL176000100000	176000100000	KLAMKA DRZWI PRAWA ELEGANT FABRYCZNA	FIAT 126P	10	46,85	
1KL176000200000	176000200000	KLAMKA DRZWI LEWA  ELEGANT FABRYCZNA	FIAT 126P	11	46,85	
1KL200015024	200015024	KLOSZ OSWIETLENIA WNETRZA 126P	FIAT 126P	>30	2,90	5903116340822
1KL5200808/BYD	5200808/BYD	KLOSZ LAMPY COFANIA 126P BYDGOSZCZ.	FIAT 126P	0	4,52	5905907952849
1KL5200810/BYD	5200810/BYD	KLOSZ LAMPY P/MGIEL.126P BYDGOSZCZ.	FIAT 126P	8	5,70	5905907952832
1KL5998601/1	5998601/1	KLAMKA DRZWI 126 FL PRAWA RZEMIOSLO	FIAT 126P	0	13,75	
1KL5998608/1	5998608/1	KLAMKA WEWNETRZNA 126 FL RZEMIOSLO	FIAT 126P	24	5,44	5908242722368
1KL7545321/1	7545321/1	KLOSZ KIERUNKU 126 EL PRZOD PRAWY RZEMIO	FIAT 126P	3	7,50	5905907950746
1KL7545321/2	7545321/2	KLOSZ KIERUNKU 126 PRZOD PRAWY RZEMIOSLO	FIAT 126P	0	7,50	5905907950722
1KL7545322/1	7545322/1	KLOSZ KIERUNKU 126 EL PRZOD LEWY RZEMIOS	FIAT 126P	0	7,50	5905907950739
1KL7545322/2	7545322/2	KLOSZ KIERUNKU 126 PRZOD LEWY RZEMIOSLO.	FIAT 126P	10	7,50	5905907950715
1KL7560959/1	7560959/1	KLOSZ LAMPY TYL 126 EL PRAWY RZEMIOSLO	FIAT 126P	0	12,18	
1KL7560960/1	7560960/1	KLOSZ LAMPY TYL 126 EL LEWY RZEMIOSLO.	FIAT 126P	0	12,18	
1KL7570650	7570650	KLOSZ LAMPY TYL 126P FL PRAWY RZEMIOSLO.	FIAT 126P	0	12,18	5907556002722
1KL7570650/L	7570650/L	KLOSZ LAMPY TYL 126P FL LEWY RZEMIOSLO	FIAT 126P	0	12,18	
1KLA.29133.C	A.29133.C	KLOSZ LAMPY P/MGIELNEJ 126P WESEM LA1	FIAT 126P	9	8,90	5905445291332
1KLA088.33	A088.33	KLOSZ LAMPY COFANIA 126P WESEM LA1	FIAT 126P	7	7,16	5905445088338
1KO14568887	14568887	KOLEK TAPICERKI 126P DUZY 5D PODLOKIET.	FIAT 126P	0	0,45	5905907950937
1KO14573380	14573380	KOSTKA MOCOWANIA LAMPY 126P11M	FIAT 126P	>30	0,32	5905907951040
1KO14573380/1	14573380/1	KOSTKA REGULACJI SWIATEL 126P 11D	FIAT 126P	>30	0,42	5905907951064
1KO14573380/2	14573380/2	KOSTKA MOCOWANIA REJESTRACJI 126 11S	FIAT 126P	>30	0,57	5905907951057
1KO19A	19A	KOLEK TAPIC.126EL/CNQ -7MM/20H/15MM. 19A	FIAT 126P	0	0,27	5905907951163
1KO19B	19B	KOLEK TAPIC.UNIWERSAL.-8MM/19H/20MM. 19B	FIAT 126P	0	0,27	5905907951170
1KO32024B	32024B	KONCOWKA DRAZKA DLUGA  126P FABRYCZNA	FIAT 126P	0	15,84	
MOT08PKZ01	08PKZ01	KONCOWKA DRAZKA DLUGA 126P 08PKZ01 RZEMI	MOTOTECHNIKA	>30	16,58	5906031420549
MOT08PKZ02	08PKZ02	KONCOWKA DRAZKA KROTKA 126P 8PKZ02 RZEMI	MOTOTECHNIKA	>30	15,33	5906031420174
1KO4293703/1	4293703/1	KOREK WLEWU OLEJU 126P WAT	FIAT 126P	>30	6,46	
1KO4310258	4310258	KOLEK USZCZELKI BAGAZNIKA 126P 5M	FIAT 126P	>30	0,30	5905907950944
1KO4310258/1	4310258/1	KOLEK DYWANIKOW SREDNI 5S	FIAT 126P	>30	0,38	5905907950920
1KO4310258/2	4310258/2	KOLEK UNIW.36A MALY/FI-8/POPIELATY	FIAT 126P	>30	0,40	5905907951644
1KO4310258/2*	4310258/2*	KOLEK UNIW.36A MALY/FI-8/CZARNY PAK.50SZ	FIAT 126P	>30	0,56	5905907951637
1KO4310258/3	4310258/3	KOLEK UNIW.36B DUZY/FI-10/POPIELATY	FIAT 126P	0	0,40	5905907951668
1KO4310258/3*	4310258/3*	KOLEK UNIW.36B DUZY/FI-10/CZARNY	FIAT 126P	>30	0,56	5905907951651
1KO4310258/4	4310258/4	KOLEK UNIW.36C MALY/FI 7 POPIELATY	FIAT 126P	0	0,49	5905907952542
1KO4310258/4*	4310258/4*	KOLEK UNIW.36C MALY/FI 7 CZARNY	FIAT 126P	>30	0,56	5905907952535
1KO4326362	4326362	KONDENSATOR PRZCIWZAKLOCENIOWY ALTER.126	FIAT 126P	0	4,25	
1KO4360445/1	4360445/1	KOLO PASOWE WALU KORBOWEGO 126P RZEMIOSL	FIAT 126P	0	21,75	
1KO4430124	4430124	KORBKA PLASTIKOWA SZYBY 126 FL	FIAT 126P	0	4,35	
1KO4478469	4478469	KONCOWKA SWIECY 126P DLUGA 1 SZTUKA FABR	FIAT 126P	0	2,04	
1KO46576570/KPL	46576570/KPL	KOLPAKI CZARNE 126P FL /4SZT/	FIAT 126P	21	28,59	5905912658125
1KO46577369/2	46577369/2	KOLO PASOWE WALU KORBOWEGO EL RZEMIOSLO	FIAT 126P	0	24,09	
1KO5936424/1	5936424/1	KOLEKTOR WYDECHOWY 126P RZEMIOSLO .	FIAT 126P	>30	55,93	
1KO5946484/1	5946484/1	KOREK WLEWU PALIWA 126P RZEMIOSLO.   .	FIAT 126P	1	37,48	9000000073579
MOT08PKW03	08PKW03	KONCOWKA DRAZKA 126 BIS! RZEM. 8PKW-03	MOTOTECHNIKA	4	18,76	5906031420150
1KO8/H-19,5	8/H-19,5	KOLEK TAPICERSKI UNIW.VW,FIAT,CITR."27".	FIAT 126P	20	0,23	5905907951392
1KO9920578	9920578	KONDENSATOR APARATU ZAPL.126P ->MMACE36E	FIAT 126P	0	6,22	
1KOBLL	BLL	KONCOWKA BLOTNIKA 126 LEWY PRZOD	FIAT 126P	0	15,43	5907625350082
1KOBLL/1	BLL/1	KONCOWKA BLOTNIKA 126 EL LEWY PRZOD.	FIAT 126P	0	15,43	5907625350105
1KOBLP	BLP	KONCOWKA BLOTNIKA 126 PRAWY PRZOD	FIAT 126P	0	15,43	3020
1KOBLP/1	BLP/1	KONCOWKA BLOTNIKA 126 EL PRAWY PRZOD .	FIAT 126P	3	15,43	5907625350112
1KOBLTL	BLTL	KONCOWKA BLOTNIKA 126 TYLNEGO LE.	FIAT 126P	0	18,24	5907625350358
1KOBLTP	BLTP	KONCOWKA BLOTNIKA 126 TYLNEGO PR.	FIAT 126P	0	18,24	5907625350365
1KOLFL	LFL	KOLEK LISTWY OZDOBNEJ FL  21	FIAT 126P	0	0,27	5905907951231
1LA039892	039892	LAMPA TABLICY REJ. 126 EL	FIAT 126P	17	9,32	5903116340730
1LA4111917/1	4111917/1	LACZNIK EL.LEWARKA 126P Z SRUBAMI	FIAT 126P	0	14,03	5906365390846
1LA46576731/1	46576731/1	LAMPA TYL LEWA 126 EL RZEMIOSLO	FIAT 126P	0	30,45	
1LA7537893	7537893	LAMPA COFANIA 126P NA SRUBY BYDGOSZCZ	FIAT 126P	0	11,79	5905907952795
1LA7537893/1	7537893/1	LAMPA COFANIA 126P PODWIESZANA BYDGOSZCZ	FIAT 126P	10	12,63	5903116340433
1LA7537894	7537894	LAMPA P/MGIELNA 126P NA SRUBY BYDGOSZCZ	FIAT 126P	10	11,79	5905907952801
1LA7537894/1	7537894/1	LAMPA P/MGIELNA 126P PODWIESZANA BYDGOSZ	FIAT 126P	>30	12,89	5903116340426
1LA7572353/1	7572353/1	LAMPA TYL PRAWA FL RZEMIOSLO	FIAT 126P	0	29,15	
1LA7671382/1	7671382/1	LAMPKA KIER.PRZOD  "P" 126P  RZEMIOSLO	FIAT 126P	0	20,69	5905907950241
1LA7671382/E	7671382/E	LAMPKA KIER.PRZOD  "P"   EL  RZEMIOSLO	FIAT 126P	9	19,10	5905907950265
1LA7671383/1	7671383/1	LAMPKA KIER.PRZOD  "L" 126P  RZEMIOSLO	FIAT 126P	0	20,69	5905907950234
1LA7671383/E	7671383/E	LAMPKA KIER.PRZOD  "L"   EL  RZEMIOSLO	FIAT 126P	9	19,10	5905907950258
1LALA020.04	LA020.04	LAMPA P/MGIELNA 126P BEZ PRZEW. WESEM	FIAT 126P	19	16,95	5905445020048
1LALA021.04	LA021.04	LAMPA COFANIA 126P BEZ PRZEWODU WESEM	FIAT 126P	10	14,44	5905445021045
1LALA022.05	LA022.05	LAMPA P/MGIELNA 126P Z PRZEWODEM WESEM	FIAT 126P	4	28,25	5905445022059
1LALA023.05	LA023.05	LAMPA COFANIA 126P Z PRZEWODEM WESEM	FIAT 126P	10	24,13	5905445023056
1LAMI	MI	LAMPKA MIGACZA NA BLOTNIK 126P	FIAT 126P	11	14,89	5905907950302
1LI4130875/1	4130875/1	LINKA GAZU KPL 126P ZAM LIN14.20.06	FIAT 126P	0	5,12	5907668206438
1LI4230244/1	4230244/1	LINKA SSANIA 126P KPL. ZAM LIN14.48.01	FIAT 126P	0	4,79	5907668207961
1LI4285575/1	4285575/1	LINKA SPRZEGLA 126P LINEX /14.10.01/	FIAT 126P	0	5,66	
1LI4285575/2	4285575/2	LINKA SPRZEGLA 126P LINEX POWL/14.10.67/	FIAT 126P	0	9,49	5907668206285
1LI4297135/1	4297135/1	LINKA ROZRUSZNIKA 126P ZAM LIN14.50.01	FIAT 126P	0	7,13	
LIN14.60.01	14.60.01	LINKA MECH.OPUSZ.SZYBY 126,125	LINEX LINKI	0	16,24	
1LI4345508	4345508	LINKA H-CA RECZNEGO 126P FABRYKA .	FIAT 126P	0	14,00	
1LI4345508/1	4345508/1	LINKA H-CA RECZNEGO 126P ZAM LIN14.01.01	FIAT 126P	0	18,89	5907668204847
1LI4657973/1	4657973/1	LINKA LICZNIKA EL DLUG ZAM LIN14.30.08	FIAT 126P	0	16,45	
1LI5998598	5998598	LISTWA RYNIENKI OCHR.FL	FIAT 126P	24	22,37	5905344079321
1LI7536340/1	7536340/1	LINKA LICZNIKA FL ZAM LIN14.30.03	FIAT 126P	0	14,86	5907668207534
1LO6203 2ZZ	6203 2ZZ	LOZYSKO ALTER.DUZE 126P/CNQ/ZUK-P-PA WOD	FIAT 126P	0	4,92	4770590387855
1LO6204	6204	LOZYSKO SKRZYNI BIEGOW 126P /487/	FIAT 126P	5	6,96	2010000106198
1LO62042RS	62042RS	LOZYSKO SKRZYNI BIEGOW 126P 6204 2RS	FIAT 126P	0	9,18	
1LO622012RS	622012RS	LOZYSKO PRADNICY MALE 126	FIAT 126P	0	9,74	5900258061417
1LO62202	62202	LOZYSKO ALTERNATORA MALE 126P	FIAT 126P	0	8,42	5900258001390
1LO62202 2RS	62202 2RS	LOZYSKO ALTERNATORA MALE 126P KYK	FIAT 126P	0	2,86	
1LO6301ZZ	6301ZZ	LOZYSKO PRADNICY DUZE 126P	FIAT 126P	6	6,01	
1LO7710674/1	7710674/1	LOZYSKO OPOR.SPRZEGLA 126P/CNQ KESZ	FIAT 126P	0	14,50	
1LU027626/22	027626/22	LUSTERKO ZEWNETRZNE 126P CROS"P"MINI	FIAT 126P	12	25,06	
1LU027626/3	027626/3	LUSTERKO ZEWNETRZNE 126P CROS"L"MINI	FIAT 126P	6	25,06	1LU027626/3 OE
1LU46576945/2	46576945/2	LUSTERKO ZEWNETRZNE"L" EL RADOM	FIAT 126P	0	40,60	
1LU46576950/2	46576950/2	LUSTERKO ZEWNETRZNE"P" EL RADOM	FIAT 126P	0	40,60	
1LU7542807/1	7542807/1	LUSTERKO ZEWNETRZNE"L" FL/BIS RZEMIOSLO	FIAT 126P	0	36,94	
1LU7542808/1	7542808/1	LUSTERKO ZEWNETRZNE"P" FL/BIS RZEMIOSLO	FIAT 126P	4	36,94	
1MI4184774	4184774	MISKA METAL.SPIRALI ZAW.126 PN	FIAT 126P	>30	6,67	
1MI4184774/1	4184774/1	MISKA GORNA SPIRALI ZAW./DO WSPAWANIA/	FIAT 126P	30	15,39	
1MI4306766/1	4306766/1	MISA OLEJOWA 126 FL RZEMIOSLO      .	FIAT 126P	3	146,16	
1MI4338489/1	4338489/1	MIARKA POZIOMU OLEJU 126P WAT	FIAT 126P	0	7,33	
1MI4354392	4354392	MIESZEK POLOSI 126P RZEM.	FIAT 126P	>30	19,94	
1MI7291100/1	7291100/1	MIESZEK POLOSI 126P RZEM	FIAT 126P	>30	9,94	5907553959852
1NA14043971	14043971	NAKRETKA PIASTY 126P "L" B.NACIECIA.	FIAT 126P	>30	1,65	
1NA14044671	14044671	NAKRETKA PIASTY 126P "P" Z NACIECIEM	FIAT 126P	30	1,93	
1NA14045471	14045471	NAKRETKA TYLNEJ PIASTY 126P	FIAT 126P	25	3,15	
1NA4338919	4338919	NAKRETKA REGULACJI ZAWOROW 126P M7	FIAT 126P	0	0,13	2000000064864
1NA5937279/B35	5937279/B35	NAKRETKA KOLEK.WYD.FL/CNQ RZEM  M8	FIAT 126P	0	0,17	2000000059570
1NA7685883	7685883	NAKLADKA PEDALOW H-CA I SPR126 FABRYKA	FIAT 126P	>30	2,49	0007685883005
1NA7685883/1	7685883/1	NAKLADKA PEDALOW H-CA I SPR126 RZEMIOSLO	FIAT 126P	0	1,47	5906365391058
1OB000022	000022	OBUDOWA ZAMKA POK.SILNIKA 126	FIAT 126P	0	13,39	
1OB4300560	4300560	OBEJMA TLUMIKA DOLNA 126 STD RZEMIOSLO	FIAT 126P	>30	6,09	
1OB4300561	4300561	OBEJMA TLUMIKA GORNA 126 STD RZEMIOSLO	FIAT 126P	>30	6,09	
1OB4313823	4313823	OBEJMA METALOWA PIOR RESORA 126     .	FIAT 126P	0	3,05	
1OB5200380/1	5200380/1	OBEJMA TLUMIKA DOLNA 126 FL RZEMIOSLO	FIAT 126P	>30	6,09	
1OB5200517/1	5200517/1	OBEJMA TLUMIKA GORNA 126 FL RZEMIOSLO.	FIAT 126P	>30	6,09	
1OD4230797/2	4230797/2	ODPOWIETRZNIK CYL.H-CA NR.24 RZEMIOSLO	FIAT 126P	3	1,45	5908243299241
1OD4351064	4351064	ODBOJNIK RESORA PRZOD 126 FABRYCZNY	FIAT 126P	>30	7,83	
1OD4351064/1	4351064/1	ODBOJNIK RESORA PRZOD RZEMIOSLO	FIAT 126P	>30	6,67	1000000000122
1OD43609669/1	43609669/1	ODBOJNIK-BALWANEK TYL 126P RZEMIOSLO	FIAT 126P	>30	6,67	5906365391478
1OD4360969Z-877	4360969Z-877	ODBOJNIK-BALWANEK TYL 126P FABRYKA	FIAT 126P	>30	7,98	5907553959043
1ODZ-1279	Z-1279	ODBOJ SROD.KLAP.SIL.126P.FABRYKA	FIAT 126P	0	1,48	
1OG46575609/1	46575609/1	OGRANICZNIK DRZWI 126P RZEMIOSLO.	FIAT 126P	0	1,39	
1OP4301480/1	4301480/1	OPRAWKA ZAROWKI POSTOJ.126P  BYDGOSZCZ	FIAT 126P	4	2,24	5903116340761
1OPA059.21	A059.21	OPRAWKA ZAROWKI POSTOJ.126P POZYCYJNEJ	FIAT 126P	12	3,00	5905445059215
1OR01-65	01-65	ORING DYSZY ELEKTROZAWORU 126/PN	FIAT 126P	20	0,24	5901874261656
1OR4120686	4120686	ORING WYB.SKRZYNI BIEG.126P.20	FIAT 126P	21	0,37	5901874261649
1OR4125331	4125331	ORING WSPORNIKA LOZYSKA OPOR 126P	FIAT 126P	8	0,44	5901874261892
1OR41565002	41565002	ORING DYSZY WOLNYCH OBROTOW 126	FIAT 126P	13	0,24	5901874261533
1OR41565010	41565010	ORING WKRETU SKLADU MIESZANKI	FIAT 126P	20	0,24	5901874261540
1OR4468415	4468415	ORING PANEWKI GL.WALU KORBOWEGO 126  .	FIAT 126P	17	1,11	5901874261908
1OR970283	970283	ORING OBUDOWY MECH.ROZNIC.126P	FIAT 126P	18	1,04	5901874261557
1OS4012211/1	4012211/1	OSLONA KOLA ZAMACHOWEGO 126P RZEMIOSLO .	FIAT 126P	3	18,47	
1OSZ-1207/1	Z-1207/1	OSLONKA POLOSI MALA 126P RZEMIOSLO .	FIAT 126P	>30	1,58	5906365390938
1OSZ-1217/S/1	Z-1217/S/1	OSLONA SWIECY ZAPL 126P RZEMIO	FIAT 126P	>30	1,58	5906365393496
1OSZ-1263/1	Z-1263/1	OSLONA LEWARKA ZMIANY B.126 WYSOKA .	FIAT 126P	11	8,12	1000000000252
1PA1987947634	1987947634	->  BOS1987947634	XXX	0	9,48	3165141180695
1PA4360554	4360554	PANEWKA GL.TYLNA NOMINAL 126	FIAT 126P	0	43,50	
1PA46576765/3	46576765/3	PAS PRZEDNI 126 EL RZEMIOSLO.	FIAT 126P	0	89,83	
1PA7543703/1	7543703/1	PAS PRZEDNI RZEMIOSLO 126P FL 300014	FIAT 126P	0	89,83	5901532058284
1PA7598407/3	7598407/3	PASY BEZP.TYL STAT.1-BIODROWY	FIAT 126P	0	44,08	
1PA7664213	7664213	PANEWKI KORBOWODOWE 126P NOMINALNE	FIAT 126P	11	43,91	
1PA800/ROVEN	800/ROVEN	PASEK KLINOWY ZEBATY 10X800 126P	FIAT 126P	0	4,79	
1PE4217983	4217983	PEDAL GAZU 126P RZEMIOSLO	FIAT 126P	26	26,17	
1PI4329757	4329757	PIERSCIEN LEWARKA 126P FABRYCZNY .	FIAT 126P	0	8,90	0004329757
1PL4044421	4044421	PLYTKA MOCOWANIA PIASTY TYL 126 KPL	FIAT 126P	0	7,63	
1PL4275415	4275415	PLYTKA MOCOWANIA BALWANKA 126P	FIAT 126P	0	12,08	
1PL4350054	4350054	PLYTKA WSP.BELKI RESORA 126P	FIAT 126P	10	18,47	
1PL4356178/1	4356178/1	PLECIONKA DL.SILNIK-MASA ALT. 317-340MM	FIAT 126P	>30	14,74	3067643700756
1PL4356178/2	4356178/2	PLECIONKA DL.SILNIK-MASA ALT.EL 415 MM	FIAT 126P	>30	17,71	5906190464231
1PL445290251/1	445290251/1	PLYTKA APARATU 126P WAT	FIAT 126P	21	13,05	
1PL7679150	7679150	PLYTKA SYNCHRONIZATORA BEZ ZABKA .	FIAT 126P	0	3,81	
1PL9907780/1	9907780/1	PLYWAK GAZNIKA 126P RZEMIOSLO	FIAT 126P	0	8,45	
1PO13005778	13005778	PODSUFITKA 126P POPIEL.AUTEX! GLADKA	FIAT 126P	0	38,52	
1PO21562	21562	POMPA PALIWA 126P FABRYCZNA FOS LODZ	FIAT 126P	>30	94,26	5907595766029
1PO21562/1	21562/1	POMPA PALIWA 126P AKOR	FIAT 126P	>30	73,18	5908213901105
1PO4009587	4009587	PODKLADKA REG.WAHACZA PRZEDNIEGO 126P.	FIAT 126P	0	1,97	
1PO4228520	4228520	PODKLADKA NACIAGU PASKA KLINOWEGO 126 .	FIAT 126P	0	2,84	
1PO4271102/1	4271102/1	POLOS DLUGA 126P	FIAT 126P	>30	48,34	
1PO4296040	4296040	POPYCHACZ P-PY PALIWA 126P	FIAT 126P	0	6,02	
1PO4306718/1	4306718/1	POKRYWA ZAWOROW 126P RZEMIOSLO	FIAT 126P	0	111,90	
1PO4311039/1	4311039/1	PODSTAWA AKUMLATORA METALOWA RZEMIOSLO	FIAT 126P	2	41,49	
1PO7534599-1	7534599-1	POLPODLOGA BAGAZNIKA 126 FL SWIDWIN	FIAT 126P	2	246,28	
1PO894040-0,2	894040-0,2	PODKLADKA SRUBY WAHACZA TYLNEGO 126P	FIAT 126P	0	0,42	
1PO894040-0,8	894040-0,8	PODKLADKA SRUBY WAHACZA TYLNEGO 126P	FIAT 126P	0	2,49	
1PO986678	986678	PODUSZKA SKRZYNI BIEGOW 126P FAB	FIAT 126P	>30	8,24	5907553959036
1PO986678/1	986678/1	PODUSZKA SKRZYNI BIEGOW 126P RZEM.	FIAT 126P	28	9,47	5906365391232
1PO986678F	986678F	PODUSZKA SKRZYNI BIEGOW 126P FAP	FIAT 126P	0	3,31	
1POBK-1	BK-1	PODUSZKI ZAWIESZ.SILN. 126 RZEMIOSLO	FIAT 126P	0	3,11	5907553959104
1POBK-1/1	BK-1/1	PODUSZKI ZAWIESZ.SILN. 126 W OPAK.LANCIA	FIAT 126P	7	7,68	5907553959142
1POZ-1208	Z-1208	PODKLADKA GUMOWA WSP.AL.RESORA 126P.	FIAT 126P	10	3,82	5907553959357
1POZ-2136	Z-2136	PODKLADKA GUMOWA AMORTYZ.TYL 126 FABRYKA	FIAT 126P	9	1,45	
1PR41214980	41214980	PRZEWOD ODPOWIETRZENIA 126P -	FIAT 126P	0	5,80	5907553959739
1PR4167824	4167824	PRZEWOD ELAST.H-CA TYL 126P	FIAT 126P	0	6,17	
1PR4167826	4167826	PRZEWOD ELAST.H-CA PRZOD 126P	FIAT 126P	0	7,82	
1PR4205573	4205573	PRZERYWACZ KIERUNK.ST 126P ME-1/M PROKOM	FIAT 126P	0	14,05	5907176621181
1PR42756630	42756630	PROWADNICA SZYBY DLUGA LEWA 126	FIAT 126P	0	31,79	
1PR4275675	4275675	PROWADNICA SZYBY KROTKA 126 PRAWA	FIAT 126P	0	16,53	
1PR4275676	4275676	PROWADNICA SZYBY KROTKA 126 LEWA	FIAT 126P	0	16,53	
1PR4286482/1	4286482/1	PRZEWOD H-CA PRZOD PRAWY /MIEDZ.3/ 126P	FIAT 126P	5	12,31	5908243290149
1PR4286484M2	4286484M2	PRZEWOD H-CA PRZOD LEWY  /MIEDZ.2/ 126P	FIAT 126P	0	11,02	5908243290132
1PR4286492/93	4286492/93	PRZEWOD H-CA NA WAHACZ   /MIEDZ.6/ 126P	FIAT 126P	13	7,77	5908243290170
1PR4292911/	4292911/	PRZEWOD KLEMA MINUS 126P 363MM RZEMISLO!	FIAT 126P	10	15,66	5906190463241
1PR4302750	4302750	PROWADNICA FOTELA Z ZABKAMI 126P	FIAT 126P	5	21,55	
1PR4304397	4304397	PRZEGUB ELASTYCZNY POLOSI 126 FAP	FIAT 126P	0	25,85	5907553959753
1PR4323724	4323724	PROWADNICA FOTELA BEZ ZABKOW 126 .	FIAT 126P	5	18,07	
1PR4341986M1	4341986M1	PRZEWOD H-CA CENTRALNY /MIEDZ.1/   126P	FIAT 126P	4	26,70	5908243290125
1PR4341988/1	4341988/1	PRZEWOD H-CA TYLNY LEWY  /MIEDZ.4/ 126P	FIAT 126P	8	13,03	5908243290156
1PR4341990M5	4341990M5	PRZEWOD H-CA TYLNY PRAWY /MIEDZ.5/ 126P	FIAT 126P	5	6,74	5908243290163
1PR4348582/1	4348582/1	PROG WEWNETRZNY LEWY 126 SWIDWIN	FIAT 126P	3	44,33	5907625350310
1PR4348583/1	4348583/1	PROG WEWNETRZNY PRAWY 126 SWIDWIN	FIAT 126P	2	44,33	5907625350327
1PR4447957	4447957	PRZEGRODA DOLNA POD PEDALY 126P	FIAT 126P	1	153,93	
1PR46575523/1	46575523/1	PRZEWOD KLEMA MINUSOWY ELEGANT!! 460MM	FIAT 126P	8	17,15	5906190463265
1PR46577133	46577133	PROWADNICA SZYBY DLUGA PRAWA ELEGANT .	FIAT 126P	2	44,51	
1PR46577134	46577134	PROWADNICA SZYBY DLUGA LEWA ELEGANT	FIAT 126P	0	44,51	
1PR46577135	46577135	PROWADNICA SZYBY KROTKA PRAWA ELEGANT.	FIAT 126P	2	20,98	
1PR46577136	46577136	PROWADNICA SZYBY KROTKA LEWA ELEGANT .	FIAT 126P	4	20,98	
1PR5886209	5886209	PROG ZEWNETRZNY LEWY 126P SWIDWIN.	FIAT 126P	4	58,09	
1PR5886210	5886210	PROG ZEWNETRZNY PRAWY 126 SWIDWIN.	FIAT 126P	0	58,09	
1PR7562794/1	7562794/1	PRZEWOD AKUM.-ROZRUSZNIK FL"+"RZEMIOSLO	FIAT 126P	14	48,22	5906190463289
1PRAPE 13A	APE 13A	PRZERYWACZ KIERUNKOWSKAZOW 126 Z PRZEWOD	FIAT 126P	19	32,91	5906764591295
1PRAPE 13B	APE 13B	PRZERYWACZ SWIATEL AWARYJNYCH  126	FIAT 126P	9	32,91	5906764591318
1PRS1	S1	PRZEWODY ZAPLONOWE 126 FL SENTECH	FIAT 126P	>30	8,94	5900373800014
1PRS1251	S1251	PRZEWODY ZAPLONOWE 126 EL SENTECH	FIAT 126P	13	7,85	5900373812512
1PRZM-3938	ZM-3938	PRZEGUB ELASTYCZNY POLOSI 126P FAP	FIAT 126P	24	54,34	
1PRZM-3938/2	ZM-3938/2	PRZEGUB ELASTYCZNY POLOSI 126 RADMOT	FIAT 126P	>30	49,22	5907553959517
1RA4285572	4285572	RAMIE PEDALU SPRZEGLA 126P	FIAT 126P	0	11,44	
1RA5998611	5998611	RAMKA DRZWI CZARNA PRAWA FL FAP	FIAT 126P	0	70,84	
1RA5998615	5998615	RAMKA DRZWI CZARNA LEWA FL FAP	FIAT 126P	0	70,84	
MOPR001F1X	R001F1X	RAMIE WYCIERACZKI FIAT 126 MOTGUM	MOTGUM WYCIERACZKI	>30	18,01	5900209000342
1RE059343/RNA	059343/RNA	REGULATOR NAPIECIA ALTER.126P HYBRYD	FIAT 126P	0	8,40	
1RE15RAA	15RAA	REGULATOR NAPIECIA ALTER.126 AUTO POWER	FIAT 126P	>30	18,79	590676459001
1RE5200681/1	5200681/1	RESOR 126P RZEMIOSLO	FIAT 126P	23	193,33	
1RE7691790	7691790	REPERATURKA POMPY WODY BIS,700 FAP FABRY	FIAT 126P	0	63,14	0007691790001
1RE7691790/1	7691790/1	REPERATURKA POMPY WODY BIS,700 RZEM02-80	FIAT 126P	2	31,45	5901874262806
1RE9939316/E	9939316/E	REGULATOR NAPIECIA ALTERNAT.126 JEZPOL	FIAT 126P	14	33,90	5903116330052
1RERE030.08H4	RE030.08H4	REFLEKTOR WESEM 126P H-4	FIAT 126P	10	70,38	5905445030085
1RO5998610	5998610	ROZETKA KLAMKI 126 FL	FIAT 126P	0	1,61	
1RO6100224/1	6100224/1	ROZRZAD 126P IMP.WLOCHY OPAK.FIAT 181B	FIAT 126P	0	65,62	181B
1RU4237293	4237293	RURA OGRZEWANIA GUMOWA STD DLUGA RZEMIOS	FIAT 126P	8	7,25	5906365391409
1RU4237293/1	4237293/1	RURA OGRZEWANIA GUMOWA126 FL KROTKA RZEM	FIAT 126P	8	7,25	5906365391393
FGT137-356-219-000	137-356-219-000	RURA DMUCHAWY OGRZEWANIA 126P 131X480MM	FAGUMIT	>30	32,30	1356021900003
MOT08DBN01	08DBN01	RURKA DRAZKA BOCZNEGO 126 08DBN01 RZEMIO	MOTOTECHNIKA	>30	18,23	5906031420020
1RU7570775	7570775	RURA OGRZEWANIA METALOWA N.TYP	FIAT 126P	2	50,19	
1RUZ-2290/R	Z-2290/R	RURA WLEWU PALIWA GUMOWA 126P RZEMIOSLO	FIAT 126P	11	11,83	5906365391669
1RYD1	D1	RYNIENKA DRZWI 126P LEWA	FIAT 126P	0	12,25	
1RYD2	D2	RYNIENKA DRZWI 126P PRAWA	FIAT 126P	0	12,25	
1SC7531998	7531998	SCHOWEK NA RADIO 126 FL,BIS ELEGANT.	FIAT 126P	0	3,48	
1SITGE556A	TGE556A	SILNIK WYC.PRZOD F126P -MAGNETI MARELLI	FIAT 126P	0	191,68	8001063103938
1SM13406911/1	13406911/1	SMAROWNICZKA ZWROTNICY M6 126P IMPORT	FIAT 126P	>30	0,26	5902315100510
1SM13406911/2	13406911/2	SMAROWNICZKA ZWROTNICY M6 >45  IMPORT	FIAT 126P	0	0,44	5902315100527
1SM13406911/3	13406911/3	SMAROWNICZKA ZWROTNICY M6 >90  IMPORT	FIAT 126P	>30	0,44	5902315100534
1SP0122	0122	SPREZYNA PODUSZKI SIEDZENIA FOTELA 126P	FIAT 126P	29	4,44	5907555340337
1SP100201	100201	SPRZEGLO KPL FIAT 126 STATIM	STATIM	0	80,53	5907659314968
1SP337176	337176	SPREZYNA POLOSI NAPEDOWEJ 126	FIAT 126P	>30	0,44	5907555340160
1SP4061033	4061033	SPREZYNA LAPY I LINKI SPRZEGLA 126P	FIAT 126P	>30	1,10	5907555340252
1SP4133398	4133398	SPREZYNA POWROTNA LEWARKA 126P	FIAT 126P	>30	0,79	5907555340139
1SP4138439	4138439	SPREZYNA KORBKI DRZWI 126 PN-ZABEZPIECZ.	FIAT 126P	>30	0,29	5907555340399
1SP4158594	4158594	SPINKA MOC.KIESZ.DRZWI 126P9A	FIAT 126P	>30	0,27	5905907951019
1SP4241451	4241451	SPINKA-ZACZEP MOC.REF.126  15	FIAT 126P	0	0,40	5905907951118
1SP4247769L	4247769L	SPREZYNA ZAMKA DRZWI 126P.LEWA	FIAT 126P	15	0,78	5907555340436
1SP4247769P	4247769P	SPREZYNA ZAMKA DRZWI 126.PRAWA	FIAT 126P	18	0,78	5907555340443
1SP4272449/1	4272449/1	SPINKA /GWINT/MOC.LICZNIKA 126P DOLNA	FIAT 126P	0	0,25	
1SP4277953/1	4277953/1	SPINKA CIEGNA SSANIA FL/BIS"25"RZEM.	FIAT 126P	23	0,54	5905907951361
